x0,x1,x2,x3,x4,treatment,outcome
0.3047170798,-1.039984106,0.7504511958,0.9405647164,-1.951035189,0,3252.793077
-1.302179507,0.1278404032,-0.3162425923,-0.0168011575,-0.8530439276,0,2183.027873
0.8793979749,0.7777919354,0.06603069756,1.127241207,0.4675093423,0,4960.217818
-0.8592924629,0.3687507841,-0.9588826008,0.8784503013,-0.04992591099,1,10179.61972
-0.1848623635,-0.6809295444,1.222541339,-0.1545294821,-0.4283278222,0,6105.960367
-0.3521335505,0.5323091856,0.3654440644,0.4127326116,0.430821003,0,6029.556933
2.141647601,-0.4064150164,-0.5122427291,-0.8137727282,0.6159794226,1,8775.07943
1.128972293,-0.1139474577,-0.840156477,-0.8244812157,0.6505927878,1,5590.152466
0.7432541712,0.5431542683,-0.6655097073,0.2321613231,0.1166858091,1,10255.57517
0.2186885967,0.8714287779,0.2235955488,0.6789135631,0.06757906949,0,3866.791611
0.2891193987,0.6312882258,-1.45715582,-0.3196712164,-0.4703726543,1,9655.398376
-0.6388778482,-0.2751422512,1.494941311,-0.8658311157,0.9682783546,0,1474.320415
-1.682869772,-0.33488503,0.1627530651,0.5862223314,0.7112265798,0,-1710.825658
0.7933472352,-0.3487250722,-0.4623517927,0.8579758813,-0.1913043249,0,5061.137832
-1.275686323,-1.133287214,-0.919452286,0.4971607441,0.1424257361,0,675.5709584
0.6904853541,-0.4272526463,0.1585396911,0.625590394,-0.3093465397,1,2505.418303
0.4567752376,-0.6619259411,-0.3630538466,-0.381737894,-1.195839646,0,5007.583468
0.4869724808,-0.4694023402,0.01249411873,0.4807466589,0.446531176,0,7847.461942
0.665385109,-0.09848548451,-0.423298312,-0.07971821091,-1.687334434,0,7337.445275
-1.447112472,-1.322699612,-0.9972468276,0.3997742267,-0.9054790554,0,1265.728719
-0.378162554,1.299228298,-0.3562639711,0.7375155685,-0.93361768,1,6649.73187
-0.2054375579,-0.9500220549,-0.3390330759,0.8403081375,-1.727320423,0,3465.650521
0.4344236435,0.2377356023,-0.5941499557,-1.446057854,0.07212950771,0,7082.530665
-0.5294927091,0.2326762114,0.02185214552,1.601778891,-0.2393556275,0,2892.402033
-1.023497493,0.179275635,0.219996684,1.359187575,0.8351112459,1,5909.918641
0.3568710591,1.463302891,-1.188763054,-0.6397515327,-0.9265759414,0,7953.093082
-0.3898098032,-1.376686148,0.6351509468,-0.2222226971,-1.470806295,1,5753.661993
-1.015579081,0.3135138475,0.8381265679,1.996730892,2.913862466,1,9198.219806
0.4144094333,-0.98953812,-2.132046281,0.2677114623,-0.8129410953,0,7030.09451
-0.4153572602,-0.6120967991,-0.1407908864,1.065980231,0.1570485674,1,7340.672703
-0.158634837,-1.035653753,-1.674682945,-0.4863079091,-0.05378255082,0,7338.164238
1.767929914,0.1302745215,0.982739511,-0.4992955985,-1.184943766,1,10210.11239
-0.9651167622,-0.7252260645,2.128469732,-0.8213866792,0.8384892037,0,8768.252143
-0.9029271781,0.9315730129,0.3849509661,-0.1566378977,-0.04076252614,1,5571.960317
-0.6547876954,0.4460722015,-0.4549834803,-1.225605764,-1.277937574,0,7931.138886
0.1725879177,1.579091256,0.1599916136,-0.1186383261,0.2858261396,0,6569.017968
1.306001742,0.2193825014,-0.4109272308,1.10628871,0.4287564385,1,14065.6988
1.535755992,0.1832344372,-1.224469032,-1.368159199,1.650927932,0,3792.111886
1.723665721,-0.1795192133,-0.3831873211,1.461444292,-1.107045682,1,5566.649606
-0.894727019,0.6433267947,-0.3946051229,-0.00512186672,-0.1634428985,1,6750.085288
0.3375745488,1.407481861,0.0905849069,0.6439387933,-2.050172101,0,5682.998482
-0.04871840193,-0.8432302703,-1.21881306,-0.8781523669,-0.3341234407,1,9924.148009
0.9159025424,-1.326392718,0.03063149259,-0.4841694333,-0.3276730944,0,2542.057869
1.002757825,0.538115437,1.337398107,-0.1545056792,-0.6959426117,1,11123.69966
-0.2238588169,0.2424967913,0.1765733585,-1.084388072,0.09048978163,1,8151.551377
0.2282283301,2.517474038,1.876844611,-0.8532433506,-0.2873833615,0,9654.968338
-1.463442002,-0.590707014,0.3156050036,1.205853621,-0.7290838377,1,1442.837499
-0.6541464401,-2.14728903,-0.1626659205,-1.062414412,-0.5294394274,0,5001.977976
-0.8768607782,-0.09426255425,-1.757728391,-1.467045245,2.129247112,0,6022.892866
-1.287422581,-1.096785578,1.836913528,2.905067169,-1.171566629,0,3412.183033
-0.3682489568,0.3415555509,1.728697644,-0.9868570784,-0.2452778459,0,7266.47495
0.7773375761,0.4347660745,-0.3761560712,-0.1338229645,-1.374895808,1,8089.482932
-0.238173744,-0.26638749,0.2321698896,-0.5553272188,0.4715385225,1,5119.134821
1.012715818,0.1554293277,0.3517564084,0.05315534758,8.439309141e-05,0,6595.488619
-0.7215580335,0.3164942617,-0.09728659841,2.093168309,1.573354902,0,5682.556694
0.3858465526,-0.7630572097,-1.112411472,1.191142953,0.2627492251,0,3230.994863
0.4801434034,-1.744585987,0.9274384816,0.4544203382,-1.110430684,0,1733.148167
-0.4715248074,0.2637172044,0.05246679836,-0.2921711858,-0.1034882681,1,4513.216169
-0.2519773782,0.1525625121,1.471491973,-2.566658441,-0.2368502645,1,8648.930851
0.1765124214,0.2959939897,-0.3719145813,-1.756721782,0.3279954837,0,4332.780543
1.727350214,-1.533861405,0.8638280137,-0.3285252231,-0.06132434583,0,5572.325797
-1.052898511,-0.3344561724,1.300044595,0.582655242,1.732311605,0,5410.42616
1.177411889,0.4390866789,1.743934526,0.4389931587,0.8279881768,0,7716.399109
-0.2965709535,0.06654581586,-0.6974238233,0.9895839346,-1.178303623,0,6143.19744
0.7823503424,-0.1906510575,1.171247093,0.7508689887,1.820646158,1,8168.286235
0.7307746911,-1.572040256,-0.0669531729,-1.172007193,-0.5182798424,0,2992.175747
1.511228433,0.6375338109,-0.6989304286,-1.013717366,0.03278209288,1,9783.662518
-1.216560149,-0.6711402774,0.3120094716,1.155312036,0.6087614722,0,-1004.965036
-2.291289509,0.304366729,0.07203357323,0.4138902854,1.616209682,0,882.214275
-2.063238277,-0.5911034252,0.5909063228,-1.581594399,1.475949048,0,1629.821947
0.3683566127,0.8465839858,-0.5709436615,0.81376369,1.068471556,1,5141.531934
0.2328780201,0.2344008927,0.2703432393,-0.8633452647,-0.1475286802,0,6735.161634
-0.1525225325,0.3833938644,0.9998242469,-1.058536082,-0.1250090303,1,10055.04877
1.481455548,-0.7435882288,-0.8222500173,0.2023061918,0.8443851905,0,4727.854985
0.01142605556,1.32896059,0.8567939826,0.8418200669,0.5541165013,1,8837.657783
2.3276531,-0.2051616889,-2.003522292,1.604254362,-0.457699431,0,11461.69115
0.1078804443,1.309550685,-1.602259541,-1.251647214,-1.601277937,1,10143.99766
-0.79413629,0.439636606,0.5241878428,0.2762741793,-1.412765884,0,5297.4101
-2.310103437,0.05435358539,-0.4717760336,0.4593857717,0.7019536262,0,720.6718138
0.1382414321,0.7601330854,0.2292113741,0.5300647056,-0.7046732629,1,6080.177126
-0.1796114138,0.1967760967,0.8205284754,-0.3937411722,0.5211672557,1,5120.151216
-0.2658387919,-0.1175421673,0.829519042,-1.993060371,-1.296472328,0,6329.822149
-1.482185397,-2.33361612,-0.6782644402,0.7494338997,-0.2848840664,0,3727.830955
0.1977900819,1.089217497,1.327686132,-0.06913793473,1.35358589,1,8657.261397
0.09212665843,-0.8373982238,-0.5944003522,-1.480536513,-0.8881338537,0,1879.954579
-0.3580166881,0.8035850194,1.720769831,-1.382181515,0.3928274683,0,5004.26683
-1.040543939,0.4746970885,-0.1310866507,-1.830905826,0.9282969916,1,5201.268011
-0.6050007128,-0.5339002384,-1.069752411,-0.6542832767,0.4278904407,1,8803.412526
-0.1892443409,0.3286620023,0.3619218539,1.320661656,-0.3427861509,1,6798.689905
-1.476857817,1.067222417,-0.3314881721,1.114592445,0.3833771132,1,5260.53307
-0.1311375302,0.348775894,1.95101256,2.076980529,0.06938113513,1,11225.59355
0.1601905933,1.076240157,-0.8456610328,0.3330703726,-0.02586284795,0,5615.823183
0.3139082115,-0.8333688059,-1.589567493,-2.072983436,-1.117384113,1,8291.948243
-0.4586752849,-0.2931915866,1.937231162,1.10599337,-0.9620911163,0,4104.756363
0.3477084525,-0.4070782364,-0.284363838,0.1853256494,0.619171117,1,8505.013476
-0.3392584839,1.063851533,-1.141938226,0.006339062362,2.597673727,1,3463.666807
0.2230797426,1.433214507,0.09152017817,0.5807770953,-0.05678319439,0,7056.056356
-0.1704075812,-0.7794823967,0.430301359,-0.8515371892,0.6655852363,1,3820.315862
1.085287004,0.3665314072,-0.2862487336,0.4539655793,-0.3086730555,1,6946.601885
0.9355471255,-1.831406084,-0.3356073681,-1.990811995,-1.49506083,0,8609.742956
1.36386223,0.895184982,-0.7194802333,-1.502503456,-2.964528838,0,8445.682695
-0.5434955079,2.420415012,0.4348842715,-0.559572286,0.4650802095,1,5116.472164
-1.560958353,-0.2973233627,0.09947747302,-0.08610065182,0.7908061217,0,1606.142132
0.3446452262,0.6683260181,-0.6883722822,0.8978154084,1.628936948,1,9295.538837
-0.9701495197,-0.8876956557,1.335784336,-0.1913439867,1.403821392,1,4496.34824
-0.4425357119,1.455045576,0.1314858168,0.2582288233,1.564718022,1,4328.889188
-0.3617704774,-0.9411220959,-0.448564208,0.4523339506,-1.565759072,0,668.4298741
0.6374709027,-0.5387713176,1.147812661,-2.394260305,-0.7865657751,1,10604.97692
-1.686468151,-0.8262294664,0.2476659011,-0.1792266254,-0.2533775689,0,1332.400931
-0.1591848714,0.2033882406,-1.008536042,0.7068496409,0.6626659704,0,6116.111767
0.3850379377,0.5565334428,0.2964180008,2.035073303,-0.08709417105,0,4665.259349
-0.3070832183,-0.7535275804,-1.032262671,-1.244471788,-0.8887973132,1,5139.870268
-0.07068038165,0.3342951285,0.05114205855,-0.7655352774,0.900184564,1,8990.101486
0.7394126723,-0.1596483074,-0.6529161447,0.5484279208,0.1879735875,1,6697.572723
-1.448127259,-0.06798025598,0.2620358121,-0.8996947865,0.1898433928,0,1473.210983
-1.454822485,1.3361861,1.247949985,-0.2525173343,0.3634543378,0,7080.972695
-2.409921966,-1.15634766,-0.2937789202,-1.072133021,0.7143964826,0,-1614.518058
1.997296531,-1.176614719,-0.8374634041,0.2354483683,1.611116148,1,6692.692573
-1.222374313,0.2490361223,1.821298851,-1.651759148,-1.281069207,1,9273.917414
-0.4236066065,-0.5205884129,0.8126012878,0.2416597198,-1.77496206,0,3175.098625
0.5154104029,-0.5775388874,1.274447217,-0.6275875364,-0.6366152831,1,7971.415987
0.5411316108,0.7629264823,0.4480993639,-1.685597317,0.5380344399,0,8964.27282
-1.034308052,0.2352761116,-1.423734435,0.4463221475,-0.8065989043,1,7402.180081
-1.28263465,0.7138201365,0.2416445217,-0.6139768014,1.451178849,1,743.1800054
-0.4406524216,0.03210767397,0.2689134477,-0.6196659341,0.4711362934,1,6037.478186
-0.5334523472,-0.4116383222,1.36264264,-1.040586053,-2.412780331,1,8098.769347
1.610936995,2.549327953,-0.4052692654,-1.936838041,-0.3104839762,1,9140.411901
-0.2862229498,-0.189923841,-1.113388042,0.5795611425,0.5245073753,1,7161.622259
-1.49440562,0.6991967317,2.052684982,0.1719603324,-0.3373251621,1,8962.937392
-0.1420032144,0.615256767,-1.730671606,0.164390703,-0.3904639495,1,9214.318809
1.847825013,-0.1741727338,1.667887611,-1.103740698,0.5872591668,1,11008.23134
0.3194002638,-0.8690472479,0.1773961146,1.212518837,-0.3237917043,0,2099.155252
-1.691962649,-0.01756282648,-0.9024230948,-0.3423409387,-0.08158776969,0,1158.108187
-1.705652216,-1.615658339,0.4820668355,-0.5227186962,-2.564744342,0,7181.531242
0.7848440366,0.2723697553,-0.713874824,-1.316830211,0.8358078963,0,3749.690748
0.3493506226,2.382602283,0.4201885987,0.3877031413,-0.1669279301,0,5648.07944
0.8167758672,0.6250852012,1.251725009,-0.5213229186,-0.4354074729,1,6571.824599
-0.4791031709,0.7908017212,1.49837444,-0.4588404931,-0.4247737278,1,8815.469323
0.3140772239,-0.2457615,0.9520536531,-2.251777291,-0.8267050469,0,4257.764868
-0.782416334,-2.320356012,-0.9636384444,-0.9151561158,-0.2011046545,1,4264.270668
1.112965892,-0.2450606512,-1.03081372,-0.05695454121,1.049173621,1,9686.183761
-0.9759588161,-0.9105748839,0.5585489593,-0.2215361157,0.6474846907,0,2864.978007
-0.0136467918,0.7016636481,-1.035078114,-0.01208465079,-0.2106900144,1,8877.586287
-1.215890924,-1.563477948,0.6857490353,-0.3509523822,-1.022280282,1,712.8783508
-0.09617893692,1.128018857,-2.280737845,-1.49663869,-0.9228864419,1,15975.93081
1.461178867,0.2825869829,0.7673172405,-1.140160919,-1.119535875,1,7148.056535
0.4478137167,0.05827433094,0.5487388189,-0.1876709909,0.2781437265,0,7565.225607
0.1581190849,0.7777673891,0.8070082819,-1.619871994,-2.247268555,1,11765.38518
1.001745398,1.187725093,-1.02062302,-1.859835407,0.09903482101,1,10266.63951
0.9308382264,1.797594522,0.5162975721,-0.3717166966,-0.8931306216,1,7288.199126
0.01145129167,-0.2992647039,-1.015067906,2.048755651,1.785168402,0,6994.46428
1.136048684,-0.9208503978,0.8550193243,0.6396264095,0.4425456242,0,4115.222446
1.249665267,0.6353711429,0.7400142363,0.6369062834,0.340791408,1,8880.860077
-1.78361113,0.08362107741,-0.5561919588,-1.279840958,1.681816619,1,2692.130683
1.728995341,1.3592206,0.2552134169,1.350625121,0.0120531806,1,5669.565774
0.2027972769,-1.09347137,0.3969913045,0.06038592842,-1.302652117,1,7093.41541
-0.05119711182,-0.07972956386,1.797561167,0.8942133285,0.01144543909,1,8600.431459
0.2487873098,0.0442123781,-0.2029139848,-1.082427197,-0.1510518776,1,5598.060761
-0.7460982567,-1.250315539,0.5112218145,0.3912646599,-1.786707511,0,657.7528678
-0.1226846375,0.9957013859,1.059223739,1.025836843,0.0389132069,0,6718.781666
-0.845045328,-1.083698827,0.3446049048,0.3792800344,1.287331112,0,624.3482248
1.09997965,-0.1322286565,-1.244205879,-0.319106597,0.2172311948,0,2317.73197
-0.2020832454,-0.5778941081,0.252884815,-0.5039577414,-0.6280660837,1,5993.243279
0.3114528343,-0.4019925801,0.244104389,0.2732040229,-1.139429001,0,4596.079821
-0.4812411239,1.43777694,-1.162079513,-2.116654449,-1.861845153,1,10078.84543
0.02910994658,0.03091727803,-0.1176108554,1.214189829,-2.672834433,0,74.32511187
0.3959338744,1.561438202,-1.127780765,-0.3798065118,-0.7528919172,1,9311.822394
-0.8943460461,-0.326262005,1.427485284,1.837386675,-0.335939225,0,1394.947485
1.905060214,0.03557647698,1.753691027,-0.09329864965,0.131057826,1,9056.900208
0.3654744726,3.178853679,0.8512855748,-0.70726453,0.9689978703,0,3239.627991
-0.3618325371,-0.4897501829,0.9086013599,0.03108558777,0.2785759145,0,5210.70351
0.01398522187,0.3365831266,0.4249658974,-1.936966933,0.6665726686,1,5212.912345
-0.9820194198,-1.442299136,-0.05841124386,0.08398100331,-0.6935061646,0,693.287152
0.8310318577,-1.342175166,-0.4069437488,-0.5848741349,-0.04658727034,1,9234.401339
0.2788642846,-1.00789295,0.7242826775,0.06300236833,-1.891946253,0,4157.798777
-1.95859144,-0.01231929293,-0.2209673178,-0.1034201136,-0.02798245653,0,2484.17323
0.2255598395,0.9476496098,-1.111104901,-1.171971593,-1.093323858,1,8599.424383
0.2889166672,1.244947379,-0.4313394382,-2.501699844,-1.703992863,0,7295.845911
-0.8330367228,-0.5577288875,-0.4083886273,0.03858112298,-0.3117463308,0,-1449.950223
1.049339611,-0.6760173057,-0.8623179595,0.4788755385,-1.53564207,0,6250.043017
0.3896917053,0.1025531837,-0.1474424899,1.588276107,-0.6222074453,0,4805.564298
2.060298171,-0.2254314492,-1.277016445,0.06991958099,-1.0762452,1,9053.435051
-0.7517558478,0.3970333,0.5555820887,-0.6221677003,0.987405145,0,3376.623632
1.157507758,1.436301757,0.5294134071,1.363428712,-1.880798428,1,8699.325082
-0.3179065486,-0.8670052563,0.1192258611,-0.5714492192,-0.1661578419,0,-145.7637394
1.88217488,-0.1697197964,0.4137923172,-0.2322693299,0.07571328796,1,6915.687471
0.006016680436,0.448324066,1.165307536,1.647393998,0.3096200819,1,6096.298609
0.589546886,-1.150864509,-0.08787674242,0.9402894649,0.8659686384,0,7054.361649
0.2116097328,0.8863939596,0.490766709,1.200306258,0.289359157,1,9318.825015
-0.3556983156,0.3358412569,-2.930594376,0.3828857364,-3.648412825,0,6996.66398
-1.723463407,0.4517686009,0.4775293373,-1.16242878,-0.7121020419,0,692.4912482
1.370540989,-0.4840301316,2.242920312,-0.001919853176,0.4080361769,1,11145.03506
1.616874398,0.1310271162,-1.002343981,-0.1097274517,-0.03561073619,0,6017.651585
-1.364741652,-0.2558320713,-0.742192094,0.9243577572,0.03461187419,0,275.5859741
-0.2827957491,-0.1061819306,0.2231220184,0.6168141997,-0.9997122287,0,6715.944253
-1.041587633,1.104679215,-0.4123368722,-1.416842093,0.4438127094,1,6443.205557
0.463369806,-1.530715257,0.2294817155,0.7355830924,0.3743864517,1,6178.13164
0.6319814838,-1.404269098,0.331040155,-0.3026197595,-0.4827901587,1,4255.209758
0.8705556094,1.479274511,1.794370055,1.314807872,-0.1097341816,1,12463.06524
0.352720163,0.7668228718,0.1211779493,0.1307641879,0.8237531319,0,4752.45051
-0.05928264603,-0.7292869364,-0.4144730658,0.6339103777,0.0029932912,0,2647.645642
0.3402099769,0.6700792422,-0.3748414629,0.7562481636,0.3788426035,0,6641.856762
-1.234813087,1.442304791,-0.5007447438,-1.655095343,-1.04504371,1,4361.427782
-1.021045161,0.05217331866,-0.2738505055,-0.3368319676,0.6197019655,1,7766.763414
0.3398753612,0.3160478706,0.4098284573,0.616134668,-2.107953342,1,6509.19469
-0.3644382523,-2.180210064,0.0360599268,-0.004632972224,1.045532275,0,4755.104213
1.187634393,0.2027750483,-0.5003610774,0.4851611125,-0.5279176373,0,3724.235904
-0.001392651443,0.986136317,-0.557771346,0.8056786392,0.6774013687,1,6111.689227
-0.9547918171,0.9738941282,0.6985663454,0.1019258874,-0.762323458,0,2408.796873
-0.8592060186,-0.5376625769,0.5425944633,-0.9556251674,0.4375122486,1,4802.536772
-1.241755529,-0.2040685844,0.1096477546,2.445130145,-1.377315656,0,459.3123889
1.472014566,0.149842414,0.411171918,0.1183479134,0.4447268182,1,7176.005594
-0.1536851044,1.454050181,-0.4564711442,1.132234572,-0.6443671202,1,5145.876382
-0.0602518464,-1.071962552,0.4550237203,1.445125957,-0.07735617982,0,543.7204403
-0.1968856987,-1.114616963,-0.2292926536,-1.59279426,-0.9128779867,0,3359.049445
0.2267860461,1.319013198,2.809210861,-0.5865850851,1.435300157,1,13364.60977
0.2437524804,-0.1512476467,0.4325944517,0.06191648368,0.1103957256,1,4995.620181
-0.4083331628,-1.39810966,-1.543625203,0.6532448833,-0.2767000901,1,8992.466391
-0.5960888997,0.008505626723,0.7949322529,0.180363943,-0.6560549366,0,3705.752088
1.226292956,1.579185503,0.4945566553,0.9736635113,1.241959997,1,11980.6286
1.130099316,0.6140991771,0.5983470471,0.5196605733,-1.097337675,1,7070.038242
0.7007231569,-1.355813971,-0.7945994551,1.303565068,0.8402201627,1,7069.039018
1.48739829,-0.2716743837,-1.152248841,-0.2404371971,0.1020312972,0,6340.788973
0.07898871634,1.133680479,-0.361270425,0.3520344718,-0.9886271494,1,4208.180539
0.450317278,0.003108550186,-0.7498133383,-0.2358293622,-0.1841757465,0,7602.768388
-0.2701551293,1.771341242,-0.09844600231,-0.2438961102,-2.097450958,1,7147.152841
-0.894207352,-0.2630734245,-0.6858526762,1.381707593,-0.1649377754,0,4282.472503
1.288444249,0.06170463405,0.03722783642,-0.08879644771,0.003796251621,0,4151.013717
1.718795003,-2.319610727,-2.001545744,-0.5431708311,0.01452788194,1,10169.29167
0.6901044248,0.473087198,-0.3842459129,1.019043693,1.030195403,1,6599.440725
0.1840578313,0.9626575725,0.2726452634,-0.5614830268,0.697816839,1,9408.073375
0.1106131226,0.001339846754,1.472953572,-2.450872129,-1.41768417,1,10721.45762
-1.187070426,-0.3632606476,-0.2546081698,-1.507325648,-0.9851580323,0,3806.78047
-0.8608416785,2.457424092,1.801741948,-0.4117494177,-0.3635832903,1,11394.11586
-1.149203997,-1.908130413,-0.1168801864,-0.9978519832,-0.08485053166,0,3559.289274
-1.600205849,-0.7619744583,0.1486270953,0.3662095978,0.4174719587,0,2762.508722
-1.320488984,0.8546857301,-0.8002116966,0.6328579146,-0.01063867662,1,3616.728623
-1.376387499,-0.3161977046,0.3653637421,0.6129653805,-0.1409878974,0,866.7034827
1.531778891,1.007510771,-0.2566541164,0.7501218121,1.933793485,0,5991.29816
1.960484601,-1.227999881,-0.9265331112,1.484918787,-1.058281051,1,7977.288344
-1.322541133,-0.4861941307,0.4202267095,-0.1023967066,-0.6505636204,0,2397.108808
-0.6742124617,-0.7123370644,-0.8795096287,2.281632877,0.2975110712,0,943.8679428
0.8867590544,-0.4890774681,-0.1859566772,-0.7135539814,-2.651708335,1,7144.363107
-1.378009277,-1.81061868,-2.249783778,-1.195358974,1.324955679,1,4039.951076
-0.0444361677,1.290563762,0.4109825769,0.7825588257,-0.9008969953,0,4929.839209
0.5239509542,0.7287142341,-0.5766472922,0.5595403706,0.5661877586,1,5018.303727
-0.5495526211,-1.122768432,-1.184128332,0.08650554192,0.3270098688,0,4364.474012
-0.7925258305,0.02658534133,0.5705370361,0.6181907147,1.55188012,0,4714.345394
1.276980832,-1.001291433,1.68358621,-0.5309765046,1.044872812,1,11878.08546
0.06798662605,-0.4121493785,-1.80769686,-0.1715645102,-1.559383235,1,10141.65774
0.9672992358,1.516792657,-0.7969109893,0.3019707425,-0.725391522,1,8140.87472
-0.6284847301,0.7744947039,-0.03853826184,1.739648042,-0.4822324787,0,5258.277759
0.9993363325,0.09741341296,0.7957780097,-0.4471576573,-0.04955883755,0,3302.870914
-0.1154988793,-0.8360571148,0.6620815346,0.6502490056,0.5935546949,0,1727.784466
1.536965654,1.449344801,-0.3749446898,0.3730523184,-0.6236006893,1,9666.94989
0.02335531611,-0.5997494491,1.620070309,0.3636981503,-0.2180291281,1,3665.218472
1.193618572,-2.17061541,-2.014102595,0.7958386552,0.06046844812,1,9770.300373
0.2504463003,-1.326396103,-0.02323371085,2.00350941,0.8241996198,0,2071.882164
0.1697065451,-0.4390539101,-0.3945728519,-2.129197889,0.2576404209,0,3584.891779
0.8454831085,-1.575619327,-0.6614168923,-1.157464632,-0.9653511948,0,2654.263252
0.05348162682,-2.084402155,0.6142704384,0.7538550699,-0.251102588,1,5829.12484
-2.48070851,-0.996418626,1.232901934,-2.777994281,-0.3475234122,0,2077.960499
-1.180000778,0.8045703016,-0.6751139521,0.4039540207,0.5654604192,0,6778.65661
1.83622584,-0.2029419437,0.3760443696,-1.485055479,1.190413563,0,4816.368431
-0.7605088481,-0.5607541641,-0.02224779485,-1.562884345,0.2287700289,0,821.2490053
0.9674662729,0.2929338235,-1.588897564,-0.1238092943,0.742028903,1,9241.09947
-1.877988766,-1.074766014,0.8765436041,0.2700954342,0.4119715821,1,1041.575313
1.859494808,0.4685527785,0.6578880104,2.710745527,-0.2138045581,0,7450.518189
-0.7978827636,0.4277963982,0.4389910294,-0.5267153919,-1.03239702,1,7264.582366
2.309844422,0.3268434704,-0.7322853814,0.9159303023,-0.1091451516,1,13857.4951
-0.2528814463,0.5622728719,-1.291882268,0.3526272039,1.912954808,1,7255.680122
0.4661776622,-0.3762121038,-0.5071052804,-0.4103399733,-0.253962678,1,5810.371824
-0.3778065328,0.9163114411,-1.733209103,0.8620000504,-0.3796865251,0,6165.992257
0.3769477857,-1.12698791,1.328631067,1.24563496,0.9595905258,0,5837.989259
-1.514754776,0.8291210711,0.4048550876,-1.605271247,-0.02429738377,0,4224.005007
0.364534489,0.5560752738,0.1772613669,0.2912314168,1.473611392,1,7329.689431
1.22603391,-2.867054954,-0.3174385548,-0.1646510275,-1.752098573,1,9188.262592
0.09418305823,1.248757772,-1.08656786,0.3364009387,-0.9158234773,0,5198.783732
-0.6719120237,1.477393634,-0.5425578201,0.462212489,-1.871218116,0,6175.899514
1.862317561,0.6026524463,-0.1824998427,0.57554651,-1.409819429,1,9354.532536
1.182530742,-0.3239847755,-0.204069515,-0.491655615,-0.5806514027,1,7042.213043
0.6946706116,0.2559068501,0.6517481414,-0.008794689486,0.5131998111,1,6931.213698
-0.4188487439,2.229731841,-1.567930416,1.260937324,1.367907451,1,14261.64311
-0.852158806,2.229273611,0.9954902829,0.9711390068,0.02802218703,1,5607.533504
-0.2172261582,-0.209408827,0.3905305963,1.401186275,0.1813142179,0,4295.992323
-0.9114436231,0.8244270624,0.9211507464,0.6546595284,0.7454989065,1,5731.335741
-0.2709281302,-0.9289891671,-0.8681934306,-1.635463248,0.2369486115,0,6240.546497
-0.08344878323,-0.4399877045,-2.955618824,-1.24731747,1.120840651,1,13931.48195
-0.6646260001,0.3605916777,-1.39068543,1.438705482,-0.1440276601,1,6158.118045
0.2900403965,2.325779792,1.516440101,-0.3065656213,-0.5932201849,1,10440.05952
-0.3255450115,0.5098982485,-0.1052241343,-0.395244145,1.467181251,0,4451.104631
-0.1142098918,2.299589093,0.09074256375,1.785318394,0.3573194227,1,6378.983199
0.9629605732,-0.7246110515,-0.8537592226,0.459705955,0.9885532425,1,8424.650867
0.040256502,-1.286393335,-1.360258366,-1.427136402,-1.767622113,0,6580.126046
0.1094853594,1.125043922,-0.01341578692,-2.260414757,-0.1907604603,0,6030.773365
-0.1627989966,2.09599875,-1.457137913,-0.3906776026,1.705852681,1,8467.839823
0.4499783413,0.5633130735,0.114584437,0.3299435387,0.7776095303,1,8184.217654
-0.8094863189,0.8780585789,-1.373003017,0.3283679728,0.1787409633,0,6331.602708
-0.6162930882,-0.02268527533,-0.6225401527,-1.071701327,-0.3536147416,0,3972.871191
-1.103988635,0.3227974641,-1.150085494,0.711977023,-1.181479068,0,2761.608352
-0.5662949156,-0.6246034082,1.325146729,0.3302899456,-0.2117338025,0,7145.621318
0.4987194411,-2.107192347,-0.04313358964,1.997514178,0.1323465064,0,1614.749897
0.06791316917,0.5481283796,0.8956052433,-1.997466693,-1.682326482,1,10312.10922
0.2102912911,-0.7148765619,1.312025262,-0.3151743899,-1.934530736,1,6652.251184
-1.268013917,-2.74967602,-0.2341255373,-0.1883841273,-0.4244627098,1,7334.93569
1.078879039,1.198519837,-0.1703884234,-2.134693667,0.6172815805,0,4100.105524
0.5553602285,0.3093915702,0.9814797493,-1.164828096,2.008755386,1,5176.752614
-0.9594277531,0.7492229272,-1.687347694,-0.9302646873,1.516368647,1,5868.508423
-0.260899823,0.8399226051,0.2369553887,-0.104958156,1.363850325,0,5302.320071
-0.2366588247,-1.780738108,-0.803240092,0.5511917287,0.3955091064,0,610.3998261
-1.56705825,-0.7243425194,-0.5817213492,-0.3654695941,-1.375913589,0,1093.456692
-0.6283711081,-0.7286104853,0.7715332598,0.809121311,-0.1458104581,0,-1032.683481
-0.3920397959,0.139924312,-0.8165751075,-1.146832082,-0.9402212089,0,5443.851019
-0.634813164,-1.1634738,0.1620595591,0.7297156738,-1.587098301,0,444.6187211
0.02512871122,-0.2199357953,0.3415086855,-0.0129387681,-1.45359928,0,1159.955726
-1.262389299,0.02942357558,1.02878092,-2.214187371,0.3457265798,1,7099.904866
1.189622005,-0.1530258762,0.550202496,-0.7030690809,-0.1193661993,1,5064.186827
-1.620913518,-2.344343308,0.9427658012,-0.9849949277,-0.455527845,1,5719.024191
-1.386442253,-1.409969703,-0.1738377001,-0.7295771941,0.377970998,0,-307.1511324
0.452538419,0.3208496463,0.2386007909,1.577768205,-1.067593769,0,6862.730888
-0.0549348662,1.132689821,1.264539809,-1.421763649,-0.3123554417,1,10262.154
1.358121096,0.5080791052,0.1952630315,-0.2176846934,-0.3838009257,1,6444.990332
0.2882190631,-0.252374125,-0.04257862104,0.07859870612,-0.6780715285,0,2286.361683
0.5321293739,2.914244648,-1.776986639,0.3240125242,-0.7601900886,1,10684.96677
0.5774025775,0.04655747333,0.761854774,1.175506577,0.1924211178,0,4886.114918
1.132052288,-2.344297894,1.590452298,0.3750621519,1.077843356,1,8457.924421
-1.219875745,-0.8307698816,0.1459382941,-0.01703788934,0.283068588,0,3930.610067
1.084515161,-1.765220315,0.9738190717,0.008281909958,-0.2037818611,1,5324.182543
-1.471115234,0.5030486684,-2.414107851,0.6483940112,-1.492105835,1,9885.681855
0.05345791262,-0.1191688373,1.169538147,-0.178655169,-0.6941385611,0,6916.136355
-0.506602696,1.272882769,0.5362969692,-0.3856299815,-0.23644642,0,6551.041399
-1.567177091,0.3884742009,-1.759815708,0.7517964658,0.1286215925,1,7364.364393
2.3869518,-1.100135554,-0.102662091,1.798287701,1.19138964,1,8152.802377
-0.6962120516,0.2239674284,0.001999356415,0.2819558674,-0.698680436,0,297.0438575
-0.0893204027,-1.598052375,0.1351234519,0.4500206734,-0.2274194126,0,556.0530127
-1.615050891,0.9885318629,0.364525038,-0.7260150977,-0.2806004468,0,4207.620714
-1.500669403,-1.025410128,-0.5378113464,1.228420812,-0.6395033909,0,693.1472715
0.6402136593,-0.5383162029,0.2479475609,-0.1413955021,0.8730566001,0,4102.598716
-0.5348113382,-1.57252825,-1.381949031,-0.5318774939,-1.249059971,1,7999.77907
0.4102120157,-0.4657681649,2.37460655,-1.737714595,0.2036331787,1,8547.865474
-1.127953024,-0.4934013404,0.1414194733,-2.325371375,0.2368261168,1,3358.627463
1.902907462,-0.4534382984,0.2598078568,1.024921693,-0.1639535,0,5779.521806
-0.5809601885,-2.275736404,0.6409907194,-0.1131684097,-1.012683851,0,1465.689854
0.1265967103,-0.5836803568,-0.5284261311,0.6062911561,-1.338382411,0,5708.818114
1.047315286,-1.397686163,-0.6627014084,1.922946194,1.127354762,1,9104.389085
0.0976039925,-0.9405302155,-0.5292723067,0.07327531459,0.03752323234,0,3752.351371
-0.09087092963,-0.03083251408,-0.2143751097,-1.441978736,-0.5165107422,0,7574.740022
0.914624054,-1.368334298,-0.1895555115,-0.8197539288,0.1113504294,1,2914.240878
-0.3886331811,1.477393665,0.5065831542,-1.311803166,0.6712280116,0,4655.146218
-0.7746518563,-0.5769963714,0.3138190201,-0.4917474197,0.8928558163,0,2868.775252
-0.7745100615,-0.6189465526,-0.6563708935,-0.5656387484,1.099191556,0,704.2846774
0.6287962936,1.709943954,2.267644204,-1.030717032,0.07041912733,1,13203.8704
-1.176200317,-0.7776059277,-0.6300825103,-1.057154874,-1.051887273,1,2756.633792
-0.1442843785,-1.216718418,0.8421269591,-0.9177535374,2.80956897,0,2862.302033
-0.451384451,0.07201764192,-1.295341184,1.706091758,1.119500681,0,8164.417689
0.2969158707,-1.346802549,0.2106668777,-1.121431046,1.462355263,0,2507.766353
0.8091947319,0.09543903849,-2.436375663,-0.9834159787,0.6877611316,1,8625.010607
1.212883692,1.109169811,-1.592013002,0.3015523068,1.015515216,1,9312.19807
-1.658335566,-0.007904515373,0.2738423983,-0.3007645848,-1.852161855,1,5582.972185
-0.3256981101,-0.3273054303,-0.1480724045,-0.5634714254,-0.4430121532,0,3399.307595
-0.03970628235,0.442454605,-0.3044267629,-0.4096489284,0.09235403825,0,-232.7505909
-1.920915926,0.4770351272,-0.000563097123,0.0396935266,0.9607343076,0,4789.774669
-1.95281553,-1.97383387,0.2738038453,-0.007116855129,0.1701769432,0,876.8062242
-0.4621270752,0.6643536742,0.932638843,0.483982294,-0.2608284584,1,5587.588258
-2.107689388,0.769236208,1.221728666,0.644558412,-0.8796424274,1,7449.453416
0.6737943937,0.860529708,1.558816248,-0.8761099242,-0.2264545845,0,6889.021841
0.7472720511,0.05741007144,-1.117327602,0.414616285,0.5786616338,0,4930.647796
0.08796289633,0.2195849272,-0.2587059017,1.478278936,-0.9006921837,1,6308.099607
-0.5873207628,0.01098551353,0.8789540277,-1.49737317,-1.31029675,0,8447.701881
-2.037728508,0.03269522525,-1.118305817,-0.38455011,0.6613781899,1,7699.668
-0.6415427208,0.2312820227,-0.2993379078,0.6721143151,0.4751280673,1,6534.946633
-0.6919336962,-0.1686517534,1.043743398,0.3933768703,-1.396962058,0,4486.913097
0.6556180612,-1.084610622,1.41251307,1.02409884,0.2898854759,0,6881.904469
0.1572328434,-0.209032256,0.6785239514,-0.3707781695,0.2355698706,0,1981.815644
0.8719343665,-0.5618065435,-0.61619274,-1.194365481,-1.064472746,1,8477.338349
-1.828395311,0.729828789,1.808914542,1.425328943,-1.626084489,0,3155.203242
0.7248546716,1.42210635,-0.4568099807,0.1014474307,-2.007893051,0,6820.743523
0.266736168,-1.063559729,0.1996350179,-1.561202922,0.5428582245,0,2187.603388
1.024512675,-0.7831798617,-1.136922581,-2.156023043,-0.2664135341,0,6549.35777
-0.5815939343,-1.551019412,0.4530187563,-0.4499703819,-1.075735959,0,2648.239675
-0.5545724056,1.071304539,0.6029369438,-0.1300260615,0.6191050185,1,1366.352194
-1.160911956,0.03237010073,0.1473223305,-0.4698365085,0.435458336,0,2987.089104
-0.7804334546,0.5098207078,0.5518587715,-2.917159881,1.190305704,1,5171.333649
-3.047632565,-0.6160490256,1.025348034,-0.3172867253,-1.466185982,1,3866.659717
-1.093737062,1.026905746,-1.921504531,1.128991101,-0.05510209904,1,9095.853027
-1.19239533,-0.5831150723,-1.017224341,0.8662252009,0.7324278098,0,6185.317781
-1.719161134,-0.4035921185,-0.8631856623,1.293509968,-1.350099118,0,1742.340787
1.604229105,-0.03329473952,-1.161934406,-0.677274184,-0.8016188408,1,10046.69179
-1.274618402,0.09482685973,-1.227915551,-2.180366209,-0.3796764708,0,6464.263086
-1.802856196,-0.7521608681,-0.9091028886,-0.871216072,2.000963102,0,1410.87856
0.05641156717,0.245371009,-1.776398296,-0.6539631336,0.2153026299,1,7541.255328
-1.024528913,0.9080628435,-1.202696586,-0.2863661359,-0.58605164,0,990.1758996
0.1643206594,-0.6404900719,-0.2708936271,-0.2361300918,-0.7343877574,0,2655.402916
0.4850938685,0.2383883748,-0.08861394525,-0.4304583335,0.7965440305,1,8035.236621
-0.2358342438,-0.3066972878,0.1046900299,1.696586683,-1.340356208,0,1327.778269
0.7698568931,-1.893171161,0.2172731582,1.575082828,0.4886685245,0,5465.386578
0.1706250785,-0.5604494688,0.03104720049,-0.2520628154,-0.7859766079,0,3830.941382
-0.2898756155,0.1983811606,-0.7672170685,-0.8062818207,-1.360243438,1,9463.374811
0.3907250261,0.545323262,0.2316604442,0.9651704927,0.08786763708,1,6723.764002
0.3920109374,0.3038374256,-0.09154001942,-0.5308218281,2.214152616,0,4994.125689
-0.4519509799,-0.6658777111,0.4340098235,0.2518544153,-1.404791548,1,5505.843927
1.122678255,-0.09419457535,-1.110931095,1.188784114,0.6256755716,1,11363.17898
-1.264541992,1.77718284,0.6587973684,-0.01019611563,1.590218806,1,3288.229713
0.1592977838,-0.0280830751,-0.660300116,0.5818504393,0.4766029673,0,3869.565137
0.01468013989,-0.7899863539,0.1299298542,-0.06979878576,-1.333474319,0,4620.034532
-1.471812351,0.5651533788,-2.601888315,0.205410527,-0.4780830578,1,13947.30212
1.308246607,-0.4934682092,0.6594842143,-0.3969138412,0.1137481535,0,5572.382113
0.7368365309,-0.4625557163,0.9965548845,-0.9936978771,0.2945928426,0,4377.088998
0.9226397228,0.6600374918,1.916444877,-0.7634393173,-1.379149251,1,13173.34474
-0.9943351085,0.6604425665,0.4979229343,0.1022566596,-1.122957049,0,5482.9858
0.7668672933,-1.224704778,1.158949582,2.857438423,0.3664511466,0,4716.289647
0.5831081357,-0.4928597689,-1.810213321,-0.602719363,-1.092895241,1,9917.976507
-1.447004576,1.722359942,0.272862518,0.3796875806,-0.3090223652,0,5913.804112
-0.1728710824,0.9645506822,-0.0323371187,0.530693938,-0.1960042978,0,8301.70832
-0.3421528907,-1.406914166,-1.977749062,-0.2615619011,0.05649669199,0,7090.554651
-1.286130037,-0.03447486503,0.05375256299,-2.156008006,-0.9151246595,0,3802.861782
0.4072638937,0.3870587294,-1.153674916,0.1584480505,1.022407225,0,6174.17617
0.777072959,-0.09528578701,-0.4679763133,-0.6293444843,0.4678197829,0,5745.345496
0.1951039731,0.6294040061,0.1318738131,0.8187639503,0.09459253296,1,6892.652563
0.7846887161,0.8708227704,-0.8045266302,-1.808144047,1.543492856,0,5183.335735
0.2566587307,-1.714485895,-0.7138194972,0.7718742924,-0.2796768311,0,1321.634396
-0.5120614193,1.40088186,-1.047287146,-0.7981533578,0.211386475,0,8037.172356
0.3904549321,0.4963430343,0.9112380446,0.1985786207,0.4893839389,0,3849.494196
-0.2592092593,0.06269830324,0.1075341801,0.2150981358,0.7725398076,1,5134.899135
0.5551456819,0.0442170029,-0.8091259849,0.06767125806,-0.0280177849,1,7436.290528
0.1931815798,2.206525307,-0.5237727785,0.4222890191,1.068462067,1,11440.39483
0.0980019141,2.337845119,-0.3780392917,0.3240892223,-0.7988057449,0,4328.211241
-0.3515247351,0.2489339104,0.8463040623,0.319094834,1.259114849,1,5645.087282
-0.09496531059,-0.3321685298,2.703985107,0.3942376494,-0.719481546,1,10857.73029
-0.6942637622,-0.9426799145,0.9365693559,-0.3643772929,0.1273624757,1,7851.135817
-0.06350867444,0.7314924079,-0.8467440929,-1.075572286,0.2242973072,1,2303.618487
0.6009592847,0.3325323131,-0.8094537291,0.6774848421,-0.7438609271,1,5600.460622
-0.5215386448,-0.9439535247,1.301158349,0.633421541,0.6049933757,1,10962.43148
1.247211421,2.812649248,-1.709226104,-0.7383765809,-0.6161750842,1,11790.0709
-0.8508196224,-1.077583248,-0.2996530641,-1.216603715,0.3350423675,0,-323.5726118
0.05169832143,0.4810286648,0.5077284516,0.6030068534,-0.3734089368,0,4726.092151
2.121143403,0.2344311165,-1.862484753,-1.002375746,-1.740502989,1,12948.62884
0.01733462915,-0.1218052241,-0.4684256979,2.010926112,0.5489828741,1,8231.846349
0.7260983614,-0.9310734879,-0.9991448913,0.0368054991,0.1730071397,0,7888.928089
-1.856311567,-0.1803070228,0.01407208287,-0.2151491658,-0.8133904123,1,4511.564406
-0.5395351819,-0.1768591936,0.09080002361,0.6047915826,1.080856205,0,2588.214089
-0.2943477235,-0.4561561961,0.4376556735,0.6108449164,-0.4342004333,0,4489.519443
0.790393477,0.9795853412,1.291686466,1.778320907,-0.8664161387,1,7352.099798
0.01389820933,0.01127769662,-0.09807356853,-0.6492629196,-1.485562003,1,4758.437755
0.09267944603,-0.7683556595,0.08599348075,-0.7940435417,-1.099658346,1,2491.737445
0.2342983604,0.1509215268,0.5792819713,2.185863766,0.2772895312,1,4316.667159
0.4850817671,-1.077561329,-1.286907441,1.582829447,-0.9234797799,1,4300.351675
-1.043944071,-0.03909892122,-0.09019241338,-0.9025065064,-0.3049732187,0,849.3807882
1.229375718,-0.8059936088,-1.393672484,0.9425936209,0.4922969119,1,8932.524734
-0.6205186206,-1.582167016,-0.7446233564,-0.05470443685,1.16567209,0,219.3538222
-1.036581975,-0.08451988151,0.6751446599,-2.38126734,1.033786168,0,-3983.820982
-1.182450572,0.3319954935,0.2466831496,1.084586391,0.5509243809,0,1689.847831
-2.377290492,-0.7847792472,0.1382051294,-0.1949798861,0.4776107298,0,-492.3876145
0.7893665557,0.6084517364,-0.2142749426,-1.846337011,-0.4554812489,0,5124.636482
0.4163681481,-1.090447253,0.6312747301,0.9083932973,0.1268669763,1,8379.386316
-3.063779866,-1.278088363,1.886189159,-0.546537793,-1.984143223,0,2037.597262
1.235247388,0.01335559154,1.104940489,0.2769586752,0.4585591362,1,10138.13693
0.3630092477,0.6974883119,2.277430449,0.971006336,-1.580339318,1,11011.66276
0.4466615153,1.141480768,1.202700807,-0.4266049831,1.164944445,1,8691.788009
0.9277423996,2.572517437,-0.7500017362,-0.5074005764,-0.3061190485,1,6870.673991
-0.49022215,-0.8900207498,-2.762675506,-0.4346994737,0.3693580597,1,11039.83063
-0.4932218455,1.935381184,0.01337581272,1.291029055,0.2614204127,0,3590.925384
0.8264073099,0.2792415539,1.368784632,0.05593935013,0.4961207081,1,9303.834965
0.3663329337,-0.2882854581,0.4049823189,2.234386246,-0.2703969421,0,3364.791375
0.4194648929,1.257778951,1.140253281,0.01171641772,-2.383388703,1,7246.458289
0.5167028186,-2.219474259,1.469937231,0.1694738712,0.9996740199,1,9284.441524
-0.9021111382,-1.552507473,0.2607543841,-0.03360343996,-0.4915408262,0,2447.328785
0.08466128073,2.767435892,0.8345255474,1.049498606,0.8439368916,1,6956.513305
1.479462144,-0.1900716729,-2.054761308,-0.188586133,0.81173571,1,11332.78522
-0.9698003951,-0.1763659505,-0.691769743,1.502029252,0.7494570154,0,3642.819395
0.6515406206,0.6216013131,-0.03724925255,0.1975562825,-1.185184581,1,5831.068121
-2.186441979,0.1500811303,0.3239902563,1.209264568,1.571335816,1,5165.701881
1.569998485,-0.9980235933,-0.3522650349,0.4803342959,2.531904678,1,6273.993076
1.480099204,1.119397162,-0.3877879555,-0.8831996312,0.7889078834,1,6904.284563
-1.100661264,-0.238436351,-0.114777949,1.592912089,-0.354697303,0,-789.5098851
-2.439249639,0.5044446477,-0.6990218531,0.04263102444,-0.08670470084,0,1785.532641
-0.2737039958,0.7903405818,-1.532864878,-0.517014225,0.6840379131,1,9616.815782
-0.6140847753,-1.608806709,0.6685553433,1.12309463,-0.04499520764,1,3047.080438
-1.960845598,0.7059697467,-1.659887881,0.3087992768,-0.8874638247,0,9603.902509
-1.159839286,-0.4419100171,-0.1832975564,-0.6442082504,0.5887032782,0,3522.367162
-0.4460693785,0.9801908717,0.2811731656,-0.6975572066,-0.8659398838,0,7453.541146
-1.647496299,0.2907331779,-0.3545875473,-2.372195528,-0.5357148728,0,4896.15944
-0.9010340293,1.575677592,-1.702778612,-1.4413508,1.109969643,1,11393.59897
1.356763157,-0.7449829387,-0.6320858228,0.6162353966,-2.327099797,0,2625.847406
-1.861193685,-0.2807334009,1.549890566,-0.4357300882,0.1009367917,0,-908.9689534
1.133789273,2.106884733,-0.5768484731,-0.01683672373,1.822055221,0,5928.812873
-1.522199275,1.027581071,-1.018315532,0.1024723671,-0.2426190474,1,7447.198696
-0.9580116007,-0.9831019277,0.2764143643,0.9955393282,-0.1297362032,1,4045.078001
0.07011315873,0.5711740663,-0.971618773,0.7396925084,0.8193430971,1,8543.119255
2.603626299,-0.3761041906,-0.4580818017,0.7689658716,0.8191041689,0,9294.180199
-0.5350871534,-0.4031626769,0.5411308382,-0.8275842407,-0.410533988,0,4017.237795
0.08959276737,0.9959386848,-0.6045986162,-1.842384462,-1.916597468,0,9159.224087
-1.259413067,-1.313167718,-0.1546107586,-1.188880154,-0.7027549598,1,2092.445926
-0.774085885,-0.4405078608,1.322504332,0.6619475894,0.01612941528,1,4160.360461
-0.4610262806,-0.4332326566,0.32774647,0.5841690734,-0.9076175061,1,7589.101089
0.03648075561,-2.031619569,0.2117137842,0.762149242,-0.2800686269,1,4880.058189
1.816526996,-0.8812384474,0.2174404153,-0.03582474667,-0.1002976674,1,5840.937037
-0.114322168,0.10710503,0.8479587435,1.377736236,-0.002250244504,1,5550.666529
0.8153160722,-0.7017669463,0.7659554527,-0.7619915238,1.090659936,0,2854.005502
2.210640877,-0.122083888,-2.192543491,-0.5480729332,1.231875134,1,10906.51335
0.553076787,0.2489135987,1.008668356,0.4844534392,1.217725187,0,3913.239441
0.9194236766,1.521700453,0.3587960839,0.9052594015,-0.3071270731,1,5657.96574
-0.6014608116,1.70676764,0.2162046763,0.8048805659,0.1237400144,0,4476.290991
-0.5865156509,0.01098289258,1.435994018,0.5552400743,-1.71147316,1,5588.645804
-0.2152444566,1.782293793,-0.2137968618,-1.800478692,1.893048885,1,7121.024211
0.6823925098,-0.07001285881,-0.3714177361,1.08235193,-0.5419834002,1,6952.417746
1.148256425,0.5421952857,0.2446819255,0.1455148053,-0.1749680367,0,6501.684681
1.04564012,-0.8653428321,-1.621925127,0.6144401229,0.6312383281,1,7347.034667
0.4802411525,0.4077283696,-0.3205403783,0.7874827044,-0.04555812675,0,4936.494816
-0.4871135608,-0.3118913123,2.020639699,-1.734976082,0.4997881043,1,8838.788189
-1.679110428,-0.1082333383,-0.4336274852,-2.085028297,0.3890375904,0,2973.436742
-0.3800380622,-2.099206343,0.8395680908,1.435006178,1.490124342,0,4121.28887
0.3589564407,0.04605813858,1.328156621,1.682383585,1.133568703,0,9133.591922
-0.9415376022,0.2013448532,0.4395161443,-1.809616969,0.4693606596,0,2922.910657
2.272991826,0.6399361658,1.473413081,0.1829147301,-0.07321832398,1,12709.23363
0.3812713901,-0.815826648,-0.9637751872,1.266304557,1.372342343,0,4396.713671
-0.9911063156,0.9679988046,-0.08695997561,0.3398085745,0.4602186394,1,2901.015473
0.9943504681,0.08271820186,1.410161995,0.3094128398,0.6241842725,1,9598.084703
-0.8332625915,2.158659011,0.4698249232,0.7129974253,-1.608185811,1,7064.656029
-0.8227020231,1.237883688,0.2868911183,-1.913779735,1.038289929,1,6335.626216
-0.5437828044,1.411316986,-0.0878356786,0.204706686,1.178954579,1,7695.756572
-0.8974929709,-0.9928468078,-0.1964984204,0.8271727996,-1.330877253,0,586.9139371
-1.6680346,0.823720927,-0.6029783126,-0.3922260129,-1.856810402,0,2504.367814
-0.6789793144,-0.007567296631,0.9303778576,-0.7712301662,1.65737612,0,4247.75111
-0.6845560242,-0.6830918016,1.537357552,0.2114601524,-0.552024729,0,5188.004639
-0.1551331312,1.353073578,1.46620282,-0.8167931793,-0.04243381008,1,8142.255252
0.09015682767,-0.9862401105,-0.05568505265,0.005322860452,1.140209479,0,4935.028414
1.207425028,-0.3292093984,-0.2139531439,0.6642923021,-0.5851884489,1,5094.35327
0.5886401517,-0.08790648737,-0.9693985777,-0.9568367129,1.447058696,1,5489.252356
-0.1564214791,1.640354094,-0.5136362607,0.2912052011,2.392676723,0,8825.612254
-1.057386745,-1.8978145,1.286590131,-0.8268091054,-0.02070636411,0,4574.570817
-0.5859182105,0.268162781,-0.9505362072,-0.1799400879,0.4498153266,1,5846.620966
-1.008308886,-0.7000840296,-0.3473828336,-1.428815434,-0.4225609828,0,2977.015109
0.1187965399,-0.3995489416,-0.2713764929,-0.01990167091,-0.6557434624,1,5938.809159
0.6910625659,1.435978125,-0.4643803922,0.4851982315,-0.2396171554,0,1329.687104
0.365487345,1.565779531,0.508659543,-1.773414539,0.4539956314,1,5920.152958
1.232863743,-0.22159617,0.9956348061,-0.6901155412,-1.48553916,1,8464.200344
0.1411690188,-1.756476721,-0.2397710129,1.286842263,-1.909762906,0,714.6530026
-1.279496796,-1.032032245,-0.06331985971,-0.3657167856,1.399136382,0,1532.253171
0.9543483291,0.4952729461,0.1456303143,0.393229777,-0.8619823553,1,9563.944962
0.8572103536,-1.112044254,0.8353769939,1.186142502,0.2108646021,1,5887.057366
-0.176213059,0.4003099083,-2.86151837,0.3022582185,-0.1133539978,1,11796.87362
-0.05062811306,0.7065325129,-0.07476892156,-1.140206857,-0.1414026708,1,7539.690737
0.06755548408,0.1149339116,0.1619193673,1.039369045,-1.086034553,0,2993.264158
0.1757004562,1.289929699,-1.734611497,0.1796466808,-0.585378502,1,9902.39057
-0.3707103845,-0.9048075032,-0.1695507157,1.841255614,-1.264430361,1,2595.186149
-1.169610002,-1.30193457,1.727418287,-0.4623397055,-0.02563906035,0,8091.722526
-0.4027829411,-0.9444228784,-0.2351506466,2.458243606,1.392070921,0,492.4447475
-0.8529378178,0.6475741031,-0.8315227727,-1.776367639,1.019510918,1,4742.993537
1.160092847,1.046052251,-0.4698652492,-0.166775734,0.7497655537,1,8604.765342
0.3914960373,-0.3936374713,-1.61907182,0.1138751941,1.079009639,1,6920.596505
-1.197588289,0.6387593817,0.3315416951,0.7501482632,0.8719754997,0,5628.413672
-0.6944652419,-1.6169594,-0.5335195257,0.8891273175,-0.5420039035,1,5268.476001
-0.6940433239,-1.821350342,1.752647555,0.8257136414,0.7698959813,0,4940.333014
0.9677253868,0.5767083615,-0.2443288552,-0.1637641041,-0.4275643646,0,5436.39861
2.634740754,0.5559120313,-0.4638004414,0.4654967742,-1.010868918,1,9346.764064
1.504506719,-0.6610690958,0.5010854326,1.06597763,0.3847685442,0,5078.86665
0.09446999182,0.01080208486,-0.05644109689,-0.5766984889,-0.4494834298,0,4136.365052
1.479590374,-0.1085366327,-0.7857962694,-0.5162975969,1.100370681,1,7352.354859
0.6756066332,0.5603291782,-0.2575211989,0.5733624702,-0.643561125,0,5779.91633
-0.2596140313,0.9698044874,0.8742776789,-0.981909846,-0.8555264529,1,9416.846749
0.1087021528,1.726132375,-1.915565164,0.2783329396,-1.376043332,0,6360.899535
-0.6343309935,-0.3644284181,-0.4205083434,-0.5337959397,0.007207060376,0,1068.895738
-0.5352555666,-1.462457385,0.7798696125,0.7528721671,0.84317431,0,-199.6470477
-1.540734496,0.2989181526,0.6759788558,-1.031202068,0.009173248182,1,6682.565471
-0.1162666453,1.842150659,1.924496037,-1.664356393,2.493927006,1,8514.307378
-0.9152257212,0.9806732943,0.9704979809,-0.9956902268,0.4932677938,0,5618.948892
-0.1075337443,0.5543300046,0.2306723024,1.196339485,0.07539954315,0,2147.550116
-0.1678740694,1.096064233,0.5803959649,0.7318133943,-0.6645866723,1,10284.78792
-1.045262781,-0.5677221433,-0.6208213857,0.7861992687,0.9759840503,1,3808.749259
-0.1551302895,1.430919019,1.368469394,0.2433989164,-0.8218917715,1,9083.862581
1.575376649,-0.06101735103,0.1261651964,-0.3396050256,-0.8897903263,1,9381.067661
-1.46863943,0.6328683236,-0.7834010539,3.059531229,-1.086073583,0,-5.40304765
-1.257382475,0.5101387156,1.529313479,0.06458965694,0.5722424202,0,4444.20937
-1.843547417,-0.6775115457,-1.073615729,-1.89504585,0.116980234,0,2321.384376
-2.242827622,-1.322195966,-0.537193794,-0.831285836,0.3964085022,1,7381.382495
0.3055801919,0.8937987459,0.7523837327,1.140812789,-0.001918400009,0,6477.562736
0.3034669008,0.5115137019,0.1416566974,-0.3971943099,-0.3324425343,1,10007.84706
-0.8175583983,0.4216168299,-0.09401517409,-0.6631737506,-0.6622448193,1,8115.29314
-1.210398728,0.9788413412,0.07861766953,-0.8628000196,0.8085477496,1,6079.765101
-0.5604488098,-1.406500627,1.021222289,-0.5370969896,-0.4088990902,0,1292.183159
0.04118002035,1.142589223,0.02003729087,-1.199117126,0.5438770041,1,8835.5089
-0.4849897243,1.887923972,-0.001119721998,-2.235035498,0.3573649722,1,3620.868845
1.944597792,1.575920289,1.830954289,-1.019760185,0.912152396,1,14879.66264
-0.7219945397,0.2242893994,-1.272952429,-0.6444557649,-0.6762466974,1,7597.048371
0.8985552801,0.8007191217,0.2768197293,-1.350421418,-0.3116394339,0,1544.4811
-0.7461164829,0.8696757567,1.178184853,1.056385586,-0.7552194194,1,6406.754488
-2.739533122,-1.766961898,1.421626978,-0.4012549393,-0.7507246183,0,2790.130142
1.642660293,1.265159945,0.02444872192,-0.2934030911,-0.1321012128,0,6739.194582
0.2271627984,1.600047281,0.4224674242,0.726029033,1.169270109,1,9606.275928
-1.169676001,0.7548618925,-0.2945687547,-2.516095196,-2.128169542,0,5433.476185
-1.018117612,0.5312232286,0.1137995653,0.1843667072,1.950943483,0,1465.994801
-1.269089615,-0.02743335418,0.3044355228,-0.7362731165,0.02832674508,1,4507.896976
-1.599949334,1.409906217,-0.6816145525,2.031400165,-0.03247432392,0,4057.350598
1.028053565,-0.05330286899,-0.03074383226,-0.5840293332,0.1191239294,0,4388.285949
0.3179986944,-0.7842585089,-0.1250444159,-0.6100988661,2.29966407,0,4742.361008
-0.08973076991,1.545232152,-0.1956223308,0.2592876415,-1.321364072,1,5599.338696
-0.4470725919,0.2105346708,1.586003831,0.2219827777,1.383720361,0,6812.658745
0.6407291102,1.627401339,-0.05904221731,2.390222711,-0.4853962029,1,7531.920047
-0.7664618342,-1.21005285,2.331024672,0.8194475726,-0.3341207334,0,3770.946512
