scenario,method,repetition,seed,truth,estimate,se,ci_low,ci_high
good_overlap,naive,0,2026,2000.0,3659.6079482779373,171.31179026696816,3323.83683935468,3995.379057201195
good_overlap,linear,0,2026,2000.0,2673.9364393010264,165.26480780188874,2350.0174160093247,2997.855462592728
good_overlap,hgb,0,2026,2000.0,2377.9189582546855,208.77601828505408,1968.7179624159796,2787.1199540933917
good_overlap,naive,1,2027,2000.0,3389.360695940304,169.1927813156655,3057.7428445615997,3720.9785473190086
good_overlap,linear,1,2027,2000.0,2513.4981144420444,181.27674454341275,2158.1956951369557,2868.800533747133
good_overlap,hgb,1,2027,2000.0,1983.5949781858094,238.45351527961085,1516.226088237772,2450.9638681338465
good_overlap,naive,2,2028,2000.0,3437.2436229039104,163.25135416509454,3117.270968740325,3757.216277067496
good_overlap,linear,2,2028,2000.0,2597.14936392111,158.17800451859614,2287.1204750646616,2907.178252777558
good_overlap,hgb,2,2028,2000.0,2256.9198295221977,174.90748948769104,1914.1011501263233,2599.738508918072
good_overlap,naive,3,2029,2000.0,2992.3886037257635,165.5743574277968,2667.862863167282,3316.914344284245
good_overlap,linear,3,2029,2000.0,2345.9585280026904,159.92550763589236,2032.5045330363414,2659.4125229690394
good_overlap,hgb,3,2029,2000.0,1853.7592582711554,177.55900041842642,1505.7436174510397,2201.7748990912714
good_overlap,naive,4,2030,2000.0,3291.6724276065715,171.38093476455506,2955.7657954680435,3627.5790597450996
good_overlap,linear,4,2030,2000.0,2662.3029151681026,155.22135041579514,2358.069068353144,2966.5367619830613
good_overlap,hgb,4,2030,2000.0,2301.9717865647103,186.00283564230062,1937.4062287058011,2666.5373444236197
good_overlap,naive,5,2031,2000.0,3184.5743166149005,167.95654357427492,2855.3794912093217,3513.769142020479
good_overlap,linear,5,2031,2000.0,2319.526767044948,178.29706602422957,1970.064517637458,2668.9890164524377
good_overlap,hgb,5,2031,2000.0,2076.9693978869886,207.84592734175862,1669.5913802971418,2484.3474154768355
good_overlap,naive,6,2032,2000.0,3097.12233392293,162.19177281275972,2779.226459209921,3415.018208635939
good_overlap,linear,6,2032,2000.0,2432.9648793954234,168.8128209066305,2102.0917504184276,2763.838008372419
good_overlap,hgb,6,2032,2000.0,1921.4507671297176,307.4233352871315,1318.9010299669399,2524.0005042924954
good_overlap,naive,7,2033,2000.0,3397.4186510390164,164.97406900517237,3074.0694757888787,3720.767826289154
good_overlap,linear,7,2033,2000.0,2636.208318992507,166.8410807841146,2309.1998006556423,2963.2168373293716
good_overlap,hgb,7,2033,2000.0,2264.5959753582074,208.27671141795662,1856.3736209790125,2672.8183297374026
good_overlap,naive,8,2034,2000.0,3061.3763001149346,170.78477911587632,2726.638133047817,3396.114467182052
good_overlap,linear,8,2034,2000.0,2433.5632124275585,158.1044738004237,2123.6784437787283,2743.4479810763887
good_overlap,hgb,8,2034,2000.0,2080.381376565606,212.96706516160086,1662.9659288488683,2497.7968242823436
good_overlap,naive,9,2035,2000.0,3439.7346964438693,160.58255159789445,3124.992895311996,3754.4764975757425
good_overlap,linear,9,2035,2000.0,2546.1945096389163,158.42200554386827,2235.6873787729346,2856.701640504898
good_overlap,hgb,9,2035,2000.0,1945.9761695232655,213.777376817557,1526.972510960854,2364.979828085677
good_overlap,naive,10,2036,2000.0,3392.1393729602305,170.6620668652599,3057.641721904321,3726.63702401614
good_overlap,linear,10,2036,2000.0,2482.5987582500384,165.96009993752082,2157.3169623724975,2807.880554127579
good_overlap,hgb,10,2036,2000.0,2213.8152454167916,189.08518251633208,1843.2082876847808,2584.4222031488025
good_overlap,naive,11,2037,2000.0,3232.7051501426095,161.7413944404708,2915.692017039287,3549.718283245932
good_overlap,linear,11,2037,2000.0,2594.7750814417636,153.4363605206475,2294.0398148212944,2895.510348062233
good_overlap,hgb,11,2037,2000.0,2018.3238214963892,221.90552097740638,1583.3890003806728,2453.2586426121056
good_overlap,naive,12,2038,2000.0,3440.302550309875,161.82273012930057,3123.129999256446,3757.4751013633045
good_overlap,linear,12,2038,2000.0,2617.9123195418465,151.81325021579428,2320.3583491188897,2915.4662899648033
good_overlap,hgb,12,2038,2000.0,2149.055821310906,178.90443832721715,1798.4031221895605,2499.7085204322516
good_overlap,naive,13,2039,2000.0,3079.1248996218565,160.2922895608043,2764.95201208268,3393.297787161033
good_overlap,linear,13,2039,2000.0,2407.698494326317,168.71055393936282,2077.025808605166,2738.371180047468
good_overlap,hgb,13,2039,2000.0,2068.3559607622274,195.39421702631049,1685.3832953906588,2451.3286261337958
good_overlap,naive,14,2040,2000.0,3347.68873215623,166.16636920260467,3022.0026485191247,3673.374815793335
good_overlap,linear,14,2040,2000.0,2712.009763190957,176.96125249190678,2365.16570830682,3058.8538180750943
good_overlap,hgb,14,2040,2000.0,2106.901342741804,204.79347711921176,1705.506127588149,2508.296557895459
good_overlap,naive,15,2041,2000.0,3507.497828334064,169.0759926753878,3176.1088826903037,3838.886773977824
good_overlap,linear,15,2041,2000.0,2614.3170553310697,159.50949750478392,2301.678440221693,2926.9556704404463
good_overlap,hgb,15,2041,2000.0,2246.6856751074715,188.09790815062954,1878.0137751322377,2615.3575750827054
good_overlap,naive,16,2042,2000.0,3587.0993131854593,164.84166495369948,3264.009649876208,3910.1889764947105
good_overlap,linear,16,2042,2000.0,2702.0509808033876,173.14505838759567,2362.6866663637,3041.415295243075
good_overlap,hgb,16,2042,2000.0,2043.459182531428,241.12563151314612,1570.8529447656617,2516.0654202971946
good_overlap,naive,17,2043,2000.0,3088.2090368839063,168.66115153333976,2757.6331798785604,3418.784893889252
good_overlap,linear,17,2043,2000.0,2371.255320651839,171.3555590086055,2035.3984249949724,2707.1122163087057
good_overlap,hgb,17,2043,2000.0,1976.7327276402505,199.3791020266509,1585.9496876680146,2367.5157676124863
good_overlap,naive,18,2044,2000.0,3427.6763532019877,166.56958285810526,3101.1999708001013,3754.152735603874
good_overlap,linear,18,2044,2000.0,2611.494497494567,176.8904636169389,2264.789188805367,2958.199806183767
good_overlap,hgb,18,2044,2000.0,2052.4465593358345,207.67204961889348,1645.4093420828033,2459.4837765888656
good_overlap,naive,19,2045,2000.0,3514.212047605265,171.2747140150073,3178.5136081358505,3849.9104870746796
good_overlap,linear,19,2045,2000.0,2587.72524298243,169.23888090053606,2256.017036417379,2919.4334495474804
good_overlap,hgb,19,2045,2000.0,2009.522551424087,213.56657221978068,1590.9320698733168,2428.113032974857
good_overlap,naive,20,2046,2000.0,3330.0711864694294,172.36658193593428,2992.2326858749984,3667.9096870638605
good_overlap,linear,20,2046,2000.0,2446.424382498154,173.8665283366702,2105.6459869582804,2787.2027780380276
good_overlap,hgb,20,2046,2000.0,1754.8383625129507,246.2136899084578,1272.2595302923733,2237.417194733528
good_overlap,naive,21,2047,2000.0,3435.875819112296,161.09210974219496,3120.135284017594,3751.616354206998
good_overlap,linear,21,2047,2000.0,2583.943681916456,156.90766944221127,2276.4046498097223,2891.48271402319
good_overlap,hgb,21,2047,2000.0,2091.853696154539,207.37176987803582,1685.405027193589,2498.3023651154895
good_overlap,naive,22,2048,2000.0,3285.1364356863924,163.02955177111454,2965.598514215008,3604.6743571577767
good_overlap,linear,22,2048,2000.0,2474.230343780911,160.2969846154186,2160.0482539346904,2788.4124336271316
good_overlap,hgb,22,2048,2000.0,2264.978044785561,193.6544505797695,1885.4153216492127,2644.5407679219093
good_overlap,naive,23,2049,2000.0,3317.820663168869,165.29730172482255,2993.8379517882167,3641.8033745495213
good_overlap,linear,23,2049,2000.0,2626.0425064399337,156.8704229936223,2318.576477372434,2933.5085355074334
good_overlap,hgb,23,2049,2000.0,2151.8418981225027,177.1727915554515,1804.5832266738178,2499.1005695711874
good_overlap,naive,24,2050,2000.0,3530.7789135778166,167.97872164485955,3201.540619153892,3860.0172080017414
good_overlap,linear,24,2050,2000.0,2765.264172440389,172.5276409490787,2427.1099961801947,3103.418348700583
good_overlap,hgb,24,2050,2000.0,2117.3363822755673,257.46419877518844,1612.706552676198,2621.9662118749366
good_overlap,naive,25,2051,2000.0,3097.5065672386654,164.57875252609884,2774.932212287512,3420.080922189819
good_overlap,linear,25,2051,2000.0,2560.2298907575987,158.26868041486807,2250.023277144457,2870.4365043707403
good_overlap,hgb,25,2051,2000.0,2103.9154196312943,171.60325821011253,1767.5730335394737,2440.257805723115
good_overlap,naive,26,2052,2000.0,3397.230567868998,165.54057811729652,3072.771034759097,3721.6901009788994
good_overlap,linear,26,2052,2000.0,2551.488710334687,147.8403526465648,2261.72161914742,2841.255801521954
good_overlap,hgb,26,2052,2000.0,2245.0754204459836,226.95112378628735,1800.2512178248603,2689.899623067107
good_overlap,naive,27,2053,2000.0,3346.094592156941,162.238246565,3028.107628889541,3664.081555424341
good_overlap,linear,27,2053,2000.0,2625.0397689624515,157.33815884419704,2316.656977627825,2933.422560297078
good_overlap,hgb,27,2053,2000.0,2165.0389059941685,184.55112413364202,1803.31870269223,2526.759109296107
good_overlap,naive,28,2054,2000.0,3443.6095165153847,162.75954466291154,3124.600808976078,3762.6182240546914
good_overlap,linear,28,2054,2000.0,2685.0882696978583,156.35671106648059,2378.629116007556,2991.5474233881605
good_overlap,hgb,28,2054,2000.0,2102.985884129577,227.66366126089554,1656.7651080582216,2549.206660200932
good_overlap,naive,29,2055,2000.0,3462.1144590088925,163.3243879870341,3141.9986585543056,3782.2302594634793
good_overlap,linear,29,2055,2000.0,2528.146879930094,158.926286071954,2216.6513592290644,2839.642400631124
good_overlap,hgb,29,2055,2000.0,2139.2645788532086,185.37383094905817,1775.9318701930547,2502.5972875133625
good_overlap,naive,30,2056,2000.0,3343.755373190953,168.17034603329358,3014.1414949656973,3673.3692514162085
good_overlap,linear,30,2056,2000.0,2541.766408322941,160.39753412291935,2227.3872414420193,2856.145575203863
good_overlap,hgb,30,2056,2000.0,2127.1298409165315,217.5197425176127,1700.7911455820106,2553.4685362510527
good_overlap,naive,31,2057,2000.0,3386.6172051739886,158.13021565077975,3076.6819824984605,3696.552427849517
good_overlap,linear,31,2057,2000.0,2655.8349583953545,170.31499898012203,2322.0175603943153,2989.6523563963938
good_overlap,hgb,31,2057,2000.0,2194.7797719081263,182.03689666632116,1837.9874544421368,2551.572089374116
good_overlap,naive,32,2058,2000.0,3461.206515565864,165.803122826864,3136.2323948252106,3786.180636306517
good_overlap,linear,32,2058,2000.0,2521.5630168888147,164.22015856548737,2199.6915061004593,2843.43452767717
good_overlap,hgb,32,2058,2000.0,2144.753492496336,199.91103013453886,1752.92787343264,2536.5791115600323
good_overlap,naive,33,2059,2000.0,3237.70202897896,164.60972918706636,2915.06695977231,3560.3370981856096
good_overlap,linear,33,2059,2000.0,2499.760368718594,164.26350131045191,2177.803906150108,2821.7168312870795
good_overlap,hgb,33,2059,2000.0,1799.9830546240244,172.77816006501226,1461.3378608966004,2138.6282483514483
good_overlap,naive,34,2060,2000.0,3395.1149744359755,162.97012473298682,3075.6935299593215,3714.5364189126294
good_overlap,linear,34,2060,2000.0,2799.2839549715713,156.60605170167977,2492.3360936362787,3106.231816306864
good_overlap,hgb,34,2060,2000.0,2238.514563177146,174.600509086113,1896.2975653683648,2580.7315609859274
good_overlap,naive,35,2061,2000.0,3320.239245674614,161.2981674103515,3004.094837550325,3636.3836537989027
good_overlap,linear,35,2061,2000.0,2385.4452627375213,164.82874966183692,2062.380913400321,2708.5096120747216
good_overlap,hgb,35,2061,2000.0,1603.1182978587144,237.9295659772945,1136.7763485432172,2069.4602471742114
good_overlap,naive,36,2062,2000.0,2940.7743520074564,161.02556296575625,2625.164248594574,3256.384455420339
good_overlap,linear,36,2062,2000.0,2168.0849245061954,163.63275351691294,1847.364727613046,2488.805121399345
good_overlap,hgb,36,2062,2000.0,1508.2767512944117,250.60663066583507,1017.087755189375,1999.4657473994484
good_overlap,naive,37,2063,2000.0,3297.0243553267,166.09977582146684,2971.468794716625,3622.5799159367753
good_overlap,linear,37,2063,2000.0,2767.7392194130275,191.34201432942865,2392.7088713273474,3142.7695674987076
good_overlap,hgb,37,2063,2000.0,2226.4739536716143,208.48017322305097,1817.8528141544343,2635.095093188794
good_overlap,naive,38,2064,2000.0,3177.7704691290437,167.82457224362275,2848.8343075315433,3506.706630726544
good_overlap,linear,38,2064,2000.0,2579.355644573596,163.0082884549275,2259.859399201938,2898.851889945254
good_overlap,hgb,38,2064,2000.0,2031.219383447408,191.1008723438165,1656.6616736535277,2405.777093241288
good_overlap,naive,39,2065,2000.0,3304.6308712310074,164.5992138580818,2982.016412069167,3627.245330392848
good_overlap,linear,39,2065,2000.0,2439.9210246131242,154.03502695674032,2138.0123717779134,2741.829677448335
good_overlap,hgb,39,2065,2000.0,2112.887649363366,200.62305630977247,1719.666458996212,2506.1088397305202
good_overlap,naive,40,2066,2000.0,3640.735887424061,160.63600588399896,3325.889315891423,3955.5824589566987
good_overlap,linear,40,2066,2000.0,2744.3594951261903,163.04459911741213,2424.7920808560625,3063.926909396318
good_overlap,hgb,40,2066,2000.0,2401.9636931950267,192.63553757884893,2024.3980395404828,2779.5293468495706
good_overlap,naive,41,2067,2000.0,3058.343786595242,161.52278376827545,2741.759130409422,3374.9284427810617
good_overlap,linear,41,2067,2000.0,2324.527241546232,151.7308687231667,2027.134738848825,2621.9197442436384
good_overlap,hgb,41,2067,2000.0,1817.672773466488,192.38942866143415,1440.5894932900771,2194.756053642899
good_overlap,naive,42,2068,2000.0,3285.272260637375,164.4658047883868,2962.9192832521367,3607.6252380226133
good_overlap,linear,42,2068,2000.0,2482.279631575482,203.4998614514245,2083.4199031306903,2881.139360020274
good_overlap,hgb,42,2068,2000.0,1983.7885771274175,219.86662456878784,1552.8499929725933,2414.7271612822415
good_overlap,naive,43,2069,2000.0,2992.8101576398076,164.7494782608939,2669.9011802484556,3315.7191350311596
good_overlap,linear,43,2069,2000.0,2325.5635111015526,154.12013678759843,2023.4880429978598,2627.6389792052455
good_overlap,hgb,43,2069,2000.0,1999.7014503097566,197.8837428714881,1611.84931428164,2387.553586337873
good_overlap,naive,44,2070,2000.0,3043.592320506471,158.29383074675326,2733.3364122428347,3353.848228770107
good_overlap,linear,44,2070,2000.0,2292.040910498096,151.2966721067965,1995.4994331687747,2588.582387827417
good_overlap,hgb,44,2070,2000.0,2086.120344038215,222.78974491285558,1649.452444009018,2522.788244067412
good_overlap,naive,45,2071,2000.0,3556.669270522055,162.29975960370075,3238.5617416988016,3874.776799345308
good_overlap,linear,45,2071,2000.0,2768.41444139208,153.04805572461788,2468.440252171829,3068.388630612331
good_overlap,hgb,45,2071,2000.0,2148.1545278054755,221.47840350382137,1714.0568569379857,2582.2521986729653
good_overlap,naive,46,2072,2000.0,3356.5411507922354,160.557771113693,3041.847919409397,3671.2343821750737
good_overlap,linear,46,2072,2000.0,2585.4275253780374,160.4071356219639,2271.0295395589883,2899.8255111970866
good_overlap,hgb,46,2072,2000.0,2133.8336732668326,225.85008844320288,1691.167499918155,2576.4998466155103
good_overlap,naive,47,2073,2000.0,3410.3176066835877,165.37455448212324,3086.183479898626,3734.4517334685493
good_overlap,linear,47,2073,2000.0,2834.11058520348,162.91138108881384,2514.8042782694047,3153.416892137555
good_overlap,hgb,47,2073,2000.0,2259.660583979872,203.9558832145343,1859.907052879385,2659.4141150803594
good_overlap,naive,48,2074,2000.0,3094.1710668291516,162.18129699404187,2776.2957247208296,3412.0464089374736
good_overlap,linear,48,2074,2000.0,2343.7393238044874,161.01879431262998,2028.1424869517327,2659.336160657242
good_overlap,hgb,48,2074,2000.0,1881.2101458927452,222.86951615633328,1444.385894226332,2318.0343975591586
good_overlap,naive,49,2075,2000.0,3308.0140194761125,162.06059194440834,2990.375259265072,3625.652779687153
good_overlap,linear,49,2075,2000.0,2387.566057631163,160.82673084864152,2072.3456651678257,2702.7864500945
good_overlap,hgb,49,2075,2000.0,2158.381291872042,187.98118458806294,1789.9381700794384,2526.8244136646454
good_overlap,naive,50,2076,2000.0,3356.303271987347,165.0151059193743,3032.8736643853736,3679.732879589321
good_overlap,linear,50,2076,2000.0,2548.8566847322645,152.87109097826462,2249.229346414866,2848.484023049663
good_overlap,hgb,50,2076,2000.0,2170.4064024637546,192.88599101371693,1792.3498600768694,2548.46294485064
good_overlap,naive,51,2077,2000.0,3214.181905738551,165.63399093142982,2889.5392835129487,3538.8245279641533
good_overlap,linear,51,2077,2000.0,2354.4990864802485,161.29819342007093,2038.3546273769093,2670.6435455835876
good_overlap,hgb,51,2077,2000.0,1926.7522308974399,201.30936648187702,1532.185872592961,2321.3185892019187
good_overlap,naive,52,2078,2000.0,3466.327059030814,174.711197253574,3123.893112413809,3808.761005647819
good_overlap,linear,52,2078,2000.0,2714.6826924506304,199.72980343357386,2323.2122777208256,3106.153107180435
good_overlap,hgb,52,2078,2000.0,1968.7011511397723,249.22586763818117,1480.2184505689372,2457.1838517106075
good_overlap,naive,53,2079,2000.0,3374.567625420528,166.2347084525894,3048.747596853453,3700.3876539876032
good_overlap,linear,53,2079,2000.0,2390.067326392416,170.35293455247586,2056.175574669563,2723.9590781152688
good_overlap,hgb,53,2079,2000.0,1870.83573799714,216.06009549726815,1447.3579508224946,2294.313525171786
good_overlap,naive,54,2080,2000.0,3661.059663386501,163.06887285188213,3341.4446725968123,3980.67465417619
good_overlap,linear,54,2080,2000.0,2848.4894816879882,169.7552221112157,2515.7692463500057,3181.209717025971
good_overlap,hgb,54,2080,2000.0,2230.7481011984546,222.91956172117003,1793.8257602249614,2667.670442171948
good_overlap,naive,55,2081,2000.0,3312.1181856461453,167.1104877432958,2984.5816296692856,3639.654741623005
good_overlap,linear,55,2081,2000.0,2658.723535639907,157.92650196334833,2349.187591791744,2968.2594794880697
good_overlap,hgb,55,2081,2000.0,2111.540447154849,192.82634186745608,1733.6008170946352,2489.480077215063
good_overlap,naive,56,2082,2000.0,2968.624058703572,163.91850697452358,2647.343785033506,3289.9043323736378
good_overlap,linear,56,2082,2000.0,2177.1852024729947,154.11754148793187,1875.1148211566483,2479.255583789341
good_overlap,hgb,56,2082,2000.0,2211.931562299769,177.17545938129132,1864.6676619124382,2559.1954626871
good_overlap,naive,57,2083,2000.0,3074.731812285263,161.0573270588033,2759.0594512500084,3390.4041733205177
good_overlap,linear,57,2083,2000.0,2451.4251585179036,149.99004704691612,2157.444666305948,2745.405650729859
good_overlap,hgb,57,2083,2000.0,1986.6424230424195,187.86608298962227,1618.42490038276,2354.859945702079
good_overlap,naive,58,2084,2000.0,3385.954823861373,167.30294717460012,3058.041047399157,3713.868600323589
good_overlap,linear,58,2084,2000.0,2462.935729318291,176.84940150950067,2116.31090235967,2809.5605562769124
good_overlap,hgb,58,2084,2000.0,2155.0047585833922,254.22062639544032,1656.7323308483292,2653.2771863184553
good_overlap,naive,59,2085,2000.0,3416.587433943695,159.57108426769685,3103.828108779009,3729.346759108381
good_overlap,linear,59,2085,2000.0,2710.4963006999,160.62936786025904,2395.6627396937924,3025.3298617060077
good_overlap,hgb,59,2085,2000.0,2182.937551280574,189.06865998822354,1812.362977703656,2553.5121248574924
good_overlap,naive,60,2086,2000.0,3291.354224697563,167.7547888165356,2962.554838617153,3620.153610777973
good_overlap,linear,60,2086,2000.0,2670.980357092105,155.54952052165535,2366.1032968696604,2975.8574173145494
good_overlap,hgb,60,2086,2000.0,2384.966344615808,162.4646767533401,2066.5355781792614,2703.3971110523544
good_overlap,naive,61,2087,2000.0,3478.226167744453,170.41482915044168,3144.2131026095876,3812.2392328793185
good_overlap,linear,61,2087,2000.0,2624.4017535792705,161.39659320166805,2308.0644309040013,2940.7390762545397
good_overlap,hgb,61,2087,2000.0,2197.027586297365,243.42599961346806,1719.9126270549675,2674.142545539762
good_overlap,naive,62,2088,2000.0,3175.958641848947,165.84451117880195,2850.903399938495,3501.013883759399
good_overlap,linear,62,2088,2000.0,2506.2290157101806,165.71505558816395,2181.4275067573794,2831.030524662982
good_overlap,hgb,62,2088,2000.0,1966.5549972129704,205.39720205672097,1563.9764811817972,2369.1335132441436
good_overlap,naive,63,2089,2000.0,3086.837191141093,167.70067076842903,2758.1438764349723,3415.530505847214
good_overlap,linear,63,2089,2000.0,2409.850525377424,169.28209635176495,2078.057616527965,2741.6434342268835
good_overlap,hgb,63,2089,2000.0,2088.053069194897,206.0844600068468,1684.1275275814774,2491.9786108083167
good_overlap,naive,64,2090,2000.0,3579.4945557960596,169.29600055534365,3247.674394707586,3911.314716884533
good_overlap,linear,64,2090,2000.0,2710.119041270689,159.70295443873025,2397.1012505707777,3023.1368319706007
good_overlap,hgb,64,2090,2000.0,2325.797535501751,194.54472947447744,1944.4898657317754,2707.105205271727
good_overlap,naive,65,2091,2000.0,3553.9298984380457,170.29744675138676,3220.1469028053275,3887.712894070764
good_overlap,linear,65,2091,2000.0,2732.955055903461,160.35158952749356,2418.6659404295738,3047.2441713773483
good_overlap,hgb,65,2091,2000.0,2143.209957046819,199.922999963998,1751.3608771173829,2535.059036976255
good_overlap,naive,66,2092,2000.0,3002.5833159647773,161.49443440565182,2686.0542245296997,3319.112407399855
good_overlap,linear,66,2092,2000.0,2316.846677697854,154.78927787490116,2013.4596930630478,2620.23366233266
good_overlap,hgb,66,2092,2000.0,1865.481159569647,181.35261998982594,1510.030024389588,2220.9322947497058
good_overlap,naive,67,2093,2000.0,3244.1672986643443,162.8537424854795,2924.9739633928048,3563.360633935884
good_overlap,linear,67,2093,2000.0,2345.412954624732,180.27529025263962,1992.0733857295581,2698.7525235199055
good_overlap,hgb,67,2093,2000.0,1667.3160826005274,204.23809462662854,1267.0094171323353,2067.6227480687194
good_overlap,naive,68,2094,2000.0,3509.756587338068,166.15909215981728,3184.0847667048265,3835.4284079713098
good_overlap,linear,68,2094,2000.0,2698.6628258423875,162.2232690431011,2380.7052185179095,3016.6204331668655
good_overlap,hgb,68,2094,2000.0,2234.357113341269,210.6854545324996,1821.4136224575695,2647.300604224968
good_overlap,naive,69,2095,2000.0,3544.661226386237,172.9158641002058,3205.7461327498336,3883.5763200226406
good_overlap,linear,69,2095,2000.0,2654.123226493985,170.93826291838255,2319.0842311739552,2989.1622218140146
good_overlap,hgb,69,2095,2000.0,2146.5346812146536,207.80066087022064,1739.245385909021,2553.823976520286
good_overlap,naive,70,2096,2000.0,3279.3666418395314,157.06437815050532,2971.520460664541,3587.2128230145217
good_overlap,linear,70,2096,2000.0,2670.754179321424,161.15067944089583,2354.898847617268,2986.60951102558
good_overlap,hgb,70,2096,2000.0,2078.3236835967573,186.0506052843219,1713.6644972394863,2442.982869954028
good_overlap,naive,71,2097,2000.0,3179.189231766605,167.51303077271297,2850.8636914520876,3507.514772081123
good_overlap,linear,71,2097,2000.0,2448.367129618382,183.9908040862731,2087.7451536092867,2808.9891056274773
good_overlap,hgb,71,2097,2000.0,1932.498770622606,232.06749540515955,1477.6464796284931,2387.3510616167187
good_overlap,naive,72,2098,2000.0,3275.740117685844,163.27851967763556,2955.714219117678,3595.7660162540096
good_overlap,linear,72,2098,2000.0,2582.3371616776185,162.8677508781615,2263.116369956422,2901.557953398815
good_overlap,hgb,72,2098,2000.0,2010.831741235862,185.51580791839942,1647.2207577157992,2374.4427247559247
good_overlap,naive,73,2099,2000.0,3483.4258021588203,161.3867950797864,3167.107683802439,3799.7439205152014
good_overlap,linear,73,2099,2000.0,2639.515277907261,180.24890929769683,2286.2274156837752,2992.8031401307467
good_overlap,hgb,73,2099,2000.0,2114.3064618015233,179.61906781756912,1762.2530888790877,2466.3598347239586
good_overlap,naive,74,2100,2000.0,3419.8514714856374,159.75637437990144,3106.7289777010305,3732.973965270244
good_overlap,linear,74,2100,2000.0,2582.4991751240045,158.5509310256904,2271.7393503136514,2893.2589999343577
good_overlap,hgb,74,2100,2000.0,1900.0552296661247,314.3177821033659,1283.9923767435275,2516.118082588722
good_overlap,naive,75,2101,2000.0,3271.4447854990385,160.93219630853594,2956.017680734308,3586.871890263769
good_overlap,linear,75,2101,2000.0,2653.0828640457826,168.1513204528116,2323.506275958272,2982.659452133293
good_overlap,hgb,75,2101,2000.0,1860.1840779067327,321.014257908535,1230.996132406004,2489.3720234074613
good_overlap,naive,76,2102,2000.0,3526.874155110513,162.1598219344796,3209.040904118933,3844.707406102093
good_overlap,linear,76,2102,2000.0,2821.075493753605,156.94475001441978,2513.463783725342,3128.6872037818675
good_overlap,hgb,76,2102,2000.0,2474.3498914229835,171.98870740024378,2137.252024918506,2811.447757927461
good_overlap,naive,77,2103,2000.0,3191.6920576724633,168.90530436394687,2860.6376611191276,3522.746454225799
good_overlap,linear,77,2103,2000.0,2489.1796344963573,178.54746541673063,2139.226602279565,2839.1326667131493
good_overlap,hgb,77,2103,2000.0,2115.1967844036817,192.34138349148645,1738.2076727603683,2492.1858960469954
good_overlap,naive,78,2104,2000.0,3403.6235332668093,157.32549863805806,3095.2655559362156,3711.981510597403
good_overlap,linear,78,2104,2000.0,2645.448783708081,150.70283579986253,2350.0712255403505,2940.8263418758115
good_overlap,hgb,78,2104,2000.0,2375.336722978499,200.60975966671683,1982.141594031734,2768.531851925264
good_overlap,naive,79,2105,2000.0,3119.6118440759856,163.7279835840838,2798.7049962511815,3440.5186919007897
good_overlap,linear,79,2105,2000.0,2521.103327238362,174.15016026469235,2179.769013119565,2862.437641357159
good_overlap,hgb,79,2105,2000.0,1931.3149479213223,203.65061418311444,1532.159744122418,2330.4701517202266
good_overlap,naive,80,2106,2000.0,3426.6316709681196,166.7245233941149,3099.8516051156544,3753.411736820585
good_overlap,linear,80,2106,2000.0,2720.657337609685,198.6868346336951,2331.2311417276424,3110.0835334917274
good_overlap,hgb,80,2106,2000.0,2439.265620230965,191.04213421631474,2064.823037166988,2813.708203294942
good_overlap,naive,81,2107,2000.0,3752.049749560691,167.35103223348742,3424.041726383056,4080.057772738326
good_overlap,linear,81,2107,2000.0,2851.992958742946,163.82605571561623,2530.893889540338,3173.092027945554
good_overlap,hgb,81,2107,2000.0,2177.7167366035574,208.46976828793845,1769.115990759198,2586.3174824479165
good_overlap,naive,82,2108,2000.0,3493.5873092840384,164.19078068866014,3171.7733791342644,3815.4012394338124
good_overlap,linear,82,2108,2000.0,2734.314457665195,162.75924973220836,2415.3063281900663,3053.3225871403233
good_overlap,hgb,82,2108,2000.0,2342.944751712801,192.65054355584218,1965.3496863433504,2720.539817082252
good_overlap,naive,83,2109,2000.0,3275.5500509529656,165.38658421831735,2951.3923458850636,3599.7077560208677
good_overlap,linear,83,2109,2000.0,2466.571782545883,172.6982346560231,2128.0832426200777,2805.060322471688
good_overlap,hgb,83,2109,2000.0,1889.0143533502987,192.65621950690925,1511.4081631167567,2266.620543583841
good_overlap,naive,84,2110,2000.0,3245.384973838244,163.69427378907986,2924.5441972116478,3566.2257504648405
good_overlap,linear,84,2110,2000.0,2543.786615917362,150.3343799060104,2249.1312313015815,2838.442000533142
good_overlap,hgb,84,2110,2000.0,2246.2513280045614,207.53371448246625,1839.4852476189276,2653.017408390195
good_overlap,naive,85,2111,2000.0,3236.941359583504,165.06495073594817,2913.4140561410454,3560.4686630259625
good_overlap,linear,85,2111,2000.0,2286.747892379841,170.4793055639898,1952.6084534744207,2620.8873312852606
good_overlap,hgb,85,2111,2000.0,1902.1774659939208,202.43030836576355,1505.4140615970243,2298.9408703908175
good_overlap,naive,86,2112,2000.0,3455.7640227808424,163.57205015058784,3135.1628044856902,3776.3652410759946
good_overlap,linear,86,2112,2000.0,2681.5131977636665,161.02241189397282,2365.9092704514796,2997.1171250758534
good_overlap,hgb,86,2112,2000.0,2277.9395974112344,174.07873847597557,1936.7452699983223,2619.1339248241466
good_overlap,naive,87,2113,2000.0,3051.8773716379183,170.2847644171957,2718.1192333802146,3385.635509895622
good_overlap,linear,87,2113,2000.0,2349.577676427904,164.48259644348414,2027.191787398675,2671.963565457133
good_overlap,hgb,87,2113,2000.0,1906.893425793243,197.83534577260997,1519.1361480789276,2294.650703507559
good_overlap,naive,88,2114,2000.0,3518.996761733344,160.96490083855704,3203.505556089772,3834.487967376916
good_overlap,linear,88,2114,2000.0,2781.828002538125,159.18124155198834,2469.832769096228,3093.823235980022
good_overlap,hgb,88,2114,2000.0,2228.0184670084636,223.28612380550683,1790.3776643496703,2665.659269667257
good_overlap,naive,89,2115,2000.0,2907.1718049059464,159.09942274333082,2595.336936329018,3219.0066734828747
good_overlap,linear,89,2115,2000.0,2360.297243889985,156.72005107054454,2053.125943791718,2667.4685439882523
good_overlap,hgb,89,2115,2000.0,2012.100284272976,188.28222764333913,1643.0671180920313,2381.133450453921
good_overlap,naive,90,2116,2000.0,3319.8329941729116,165.04457201118706,2996.345633030985,3643.3203553148383
good_overlap,linear,90,2116,2000.0,2563.897653518363,164.98720144449538,2240.522738687152,2887.2725683495737
good_overlap,hgb,90,2116,2000.0,2090.762280619068,187.7780452816893,1722.717311866957,2458.807249371179
good_overlap,naive,91,2117,2000.0,3480.9090297941575,157.97292989879088,3171.2820871925273,3790.5359723957877
good_overlap,linear,91,2117,2000.0,2659.3412203846806,158.85208900159554,2347.9911259415535,2970.6913148278077
good_overlap,hgb,91,2117,2000.0,2320.2651937086694,180.7498767060399,1965.995435364831,2674.534952052508
good_overlap,naive,92,2118,2000.0,3450.96906704533,162.67590554289723,3132.124292181252,3769.8138419094084
good_overlap,linear,92,2118,2000.0,2821.6170862047074,162.86298630548788,2502.405633045951,3140.8285393634637
good_overlap,hgb,92,2118,2000.0,2068.4798824667737,258.27515996711327,1562.2605689312318,2574.6991960023156
good_overlap,naive,93,2119,2000.0,3547.544797222108,165.17414296747933,3223.803477005849,3871.2861174383675
good_overlap,linear,93,2119,2000.0,2852.442406933431,179.343986306384,2500.9281937729183,3203.9566200939435
good_overlap,hgb,93,2119,2000.0,2385.308427826454,185.52214185585575,2021.6850297889769,2748.9318258639314
good_overlap,naive,94,2120,2000.0,3499.5931033870893,168.49736444633677,3169.338269072269,3829.8479377019094
good_overlap,linear,94,2120,2000.0,2675.3018700834195,166.09576082321755,2349.754178869913,3000.849561296926
good_overlap,hgb,94,2120,2000.0,2154.40318778014,193.07820324776114,1775.969909414528,2532.8364661457517
good_overlap,naive,95,2121,2000.0,3413.88226852916,160.51039460277835,3099.2818951077143,3728.4826419506053
good_overlap,linear,95,2121,2000.0,2580.995287489863,165.08536712811787,2257.427967918752,2904.562607060974
good_overlap,hgb,95,2121,2000.0,1789.3070206225914,226.66624129374432,1345.0411876868525,2233.5728535583303
good_overlap,naive,96,2122,2000.0,3431.439199926059,167.09117519470908,3103.940496544429,3758.9379033076884
good_overlap,linear,96,2122,2000.0,2446.8038950837627,176.99083766522045,2099.9018532599307,2793.7059369075946
good_overlap,hgb,96,2122,2000.0,1860.9930610090787,204.91850096532585,1459.35279911704,2262.6333229011175
good_overlap,naive,97,2123,2000.0,3611.821770089567,160.1786963723815,3297.871525199699,3925.772014979435
good_overlap,linear,97,2123,2000.0,2892.08715336344,173.1806579402066,2552.653063800635,3231.5212429262447
good_overlap,hgb,97,2123,2000.0,2385.4702203006314,266.01239122000527,1864.085933509421,2906.8545070918417
good_overlap,naive,98,2124,2000.0,3384.6429587201364,170.36628557211276,3050.7250389987953,3718.5608784414776
good_overlap,linear,98,2124,2000.0,2575.584356372671,165.3544357120594,2251.4896623770346,2899.679050368308
good_overlap,hgb,98,2124,2000.0,2007.1170243895374,215.69838624349046,1584.348187352296,2429.885861426779
good_overlap,naive,99,2125,2000.0,3384.7343257120583,167.787996077024,3055.8698534010914,3713.598798023025
good_overlap,linear,99,2125,2000.0,2503.677368985092,187.2512443377361,2136.664930083129,2870.689807887055
good_overlap,hgb,99,2125,2000.0,1796.9619118611636,242.68743848880123,1321.2945324231132,2272.629291299214
weak_overlap,naive,0,2026,2000.0,4721.611949832298,158.5658579668233,4410.822868217324,5032.401031447272
weak_overlap,linear,0,2026,2000.0,2968.361170865974,200.0351505414575,2576.2922758047175,3360.4300659272308
weak_overlap,hgb,0,2026,2000.0,2386.0946492481307,277.48849398852565,1842.2172010306203,2929.972097465641
weak_overlap,naive,1,2027,2000.0,4671.341951914816,153.96611341083403,4369.568369629581,4973.11553420005
weak_overlap,linear,1,2027,2000.0,3462.543192202282,228.24698696135812,3015.1790977580204,3909.907286646544
weak_overlap,hgb,1,2027,2000.0,2720.4058721957476,300.62173838989344,2131.1872649515562,3309.624479439939
weak_overlap,naive,2,2028,2000.0,4421.298252030128,151.0354856404878,4125.268700174773,4717.327803885484
weak_overlap,linear,2,2028,2000.0,2976.204339422927,162.39188650044812,2657.916241882049,3294.4924369638056
weak_overlap,hgb,2,2028,2000.0,2545.644616900748,275.5721775572824,2005.5231488884747,3085.7660849130216
weak_overlap,naive,3,2029,2000.0,4368.300553854237,152.12256730179575,4070.140321942717,4666.460785765757
weak_overlap,linear,3,2029,2000.0,3538.3392450720776,407.2676188692229,2740.0947120884007,4336.583778055754
weak_overlap,hgb,3,2029,2000.0,2765.74893606829,250.2748952259694,2275.21014142539,3256.28773071119
weak_overlap,naive,4,2030,2000.0,4602.496944851384,157.57786181516585,4293.644335693659,4911.349554009109
weak_overlap,linear,4,2030,2000.0,3339.8475407709407,255.8011447604331,2838.477297040492,3841.2177845013894
weak_overlap,hgb,4,2030,2000.0,2430.6073357486234,359.76709798189415,1725.4638237041108,3135.750847793136
weak_overlap,naive,5,2031,2000.0,4332.251785621433,156.04449293152248,4026.4045794756485,4638.098991767217
weak_overlap,linear,5,2031,2000.0,2563.728820972959,251.94632423894274,2069.9140254646313,3057.543616481287
weak_overlap,hgb,5,2031,2000.0,2054.365452040048,307.27980082410494,1452.097042424802,2656.6338616552935
weak_overlap,naive,6,2032,2000.0,4332.481564039908,149.25631535515248,4039.9391859438097,4625.0239421360075
weak_overlap,linear,6,2032,2000.0,3228.5907949831108,473.5055624613138,2300.5198925589357,4156.661697407286
weak_overlap,hgb,6,2032,2000.0,1686.5588287158862,506.38268211565173,694.0487717692088,2679.068885662564
weak_overlap,naive,7,2033,2000.0,4491.156380636009,152.26275510550545,4192.721380629218,4789.5913806428
weak_overlap,linear,7,2033,2000.0,3297.7528867522883,184.86846734253598,2935.410690760918,3660.0950827436586
weak_overlap,hgb,7,2033,2000.0,2475.9577982492196,374.14362151401656,1742.6363000817473,3209.279296416692
weak_overlap,naive,8,2034,2000.0,4469.558809763532,157.59347662446655,4160.675595579577,4778.442023947487
weak_overlap,linear,8,2034,2000.0,3239.3035736537317,178.98630998090206,2888.4904060911635,3590.1167412163
weak_overlap,hgb,8,2034,2000.0,2889.872375240172,373.23759639035717,2158.326686315072,3621.418064165272
weak_overlap,naive,9,2035,2000.0,4589.596679606704,145.3092831100403,4304.790484711025,4874.402874502383
weak_overlap,linear,9,2035,2000.0,3610.4112589046813,287.9760335841694,3045.9782330797093,4174.844284729654
weak_overlap,hgb,9,2035,2000.0,2887.5309728005886,220.08795270211922,2456.158585504435,3318.9033600967423
weak_overlap,naive,10,2036,2000.0,4826.1949453951365,151.81925005384517,4528.6292152896,5123.760675500673
weak_overlap,linear,10,2036,2000.0,3387.309974763083,200.88493355875778,2993.575504987918,3781.044444538248
weak_overlap,hgb,10,2036,2000.0,2602.6776854023137,274.69248678118015,2064.2804113112006,3141.074959493427
weak_overlap,naive,11,2037,2000.0,4389.667375086887,148.54883787729986,4098.511652847379,4680.823097326394
weak_overlap,linear,11,2037,2000.0,2721.737195599638,217.970980934156,2294.5140729686923,3148.960318230584
weak_overlap,hgb,11,2037,2000.0,1636.687714157307,518.8204521625637,619.7996279186822,2653.5758003959318
weak_overlap,naive,12,2038,2000.0,4546.434243024827,147.22751568564118,4257.868312280971,4835.000173768683
weak_overlap,linear,12,2038,2000.0,3154.9816060717426,210.0825959392586,2743.219718030796,3566.7434941126894
weak_overlap,hgb,12,2038,2000.0,2652.9040229744583,320.7246032343758,2024.2838006350817,3281.524245313835
weak_overlap,naive,13,2039,2000.0,4166.146355813944,148.5754618217439,3874.938450643326,4457.354260984562
weak_overlap,linear,13,2039,2000.0,2900.972528184548,245.79385193583224,2419.216578390317,3382.728477978779
weak_overlap,hgb,13,2039,2000.0,2332.158025559936,309.29911071998345,1725.9317685487686,2938.3842825711035
weak_overlap,naive,14,2040,2000.0,4393.517856788474,154.7954704248983,4090.1187347556734,4696.916978821275
weak_overlap,linear,14,2040,2000.0,3131.9420359158025,212.08305873362445,2716.2592407978987,3547.6248310337064
weak_overlap,hgb,14,2040,2000.0,2490.1770163807287,284.8189866650057,1931.9318025173175,3048.42223024414
weak_overlap,naive,15,2041,2000.0,4545.616648166707,157.5476547339228,4236.823244888218,4854.410051445196
weak_overlap,linear,15,2041,2000.0,3303.4991943432924,264.63955445973147,2784.805667602219,3822.192721084366
weak_overlap,hgb,15,2041,2000.0,2918.5347123236306,236.68151855239003,2454.638935960946,3382.430488686315
weak_overlap,naive,16,2042,2000.0,4670.470368171378,150.3768384547699,4375.731764800029,4965.208971542727
weak_overlap,linear,16,2042,2000.0,3407.3029928265396,269.9208831818641,2878.258061790086,3936.3479238629934
weak_overlap,hgb,16,2042,2000.0,2332.1548496494597,312.4469321744473,1719.758862587543,2944.550836711376
weak_overlap,naive,17,2043,2000.0,4468.579653528288,154.07943848237662,4166.58395410283,4770.575352953746
weak_overlap,linear,17,2043,2000.0,3438.679240123466,246.2578172453119,2956.0139183226547,3921.3445619242775
weak_overlap,hgb,17,2043,2000.0,2742.9256366895497,304.16951990055753,2146.753377684457,3339.0978956946424
weak_overlap,naive,18,2044,2000.0,4612.344910981814,151.87812122974094,4314.663793371522,4910.026028592106
weak_overlap,linear,18,2044,2000.0,3895.8824420587116,503.5914867128126,2908.843128101599,4882.921756015824
weak_overlap,hgb,18,2044,2000.0,2197.0852055466776,453.44904775852353,1308.3250719399716,3085.8453391533835
weak_overlap,naive,19,2045,2000.0,4574.4416734715505,159.61091951092143,4261.604271230144,4887.279075712957
weak_overlap,linear,19,2045,2000.0,3383.4243608201655,247.43913339255587,2898.443659370756,3868.405062269575
weak_overlap,hgb,19,2045,2000.0,2947.617921744004,239.77407897639682,2477.660726950266,3417.575116537742
weak_overlap,naive,20,2046,2000.0,4718.462525476155,155.15367450440922,4414.361323447512,5022.5637275047975
weak_overlap,linear,20,2046,2000.0,3424.637946339496,310.6393746592758,2815.7847720073155,4033.4911206716765
weak_overlap,hgb,20,2046,2000.0,2777.6726034402877,375.7330253359102,2041.2358737819036,3514.109333098672
weak_overlap,naive,21,2047,2000.0,4461.340425166091,148.4422793369241,4170.39355766572,4752.287292666462
weak_overlap,linear,21,2047,2000.0,3320.1930358328623,256.91345022924025,2816.6426733835515,3823.743398282173
weak_overlap,hgb,21,2047,2000.0,2645.251288621417,245.9380801722493,2163.2126514838087,3127.2899257590257
weak_overlap,naive,22,2048,2000.0,4385.589145590611,151.88227776299843,4087.8998811751344,4683.278410006088
weak_overlap,linear,22,2048,2000.0,2947.085130024886,188.63880695280972,2577.353068397379,3316.817191652393
weak_overlap,hgb,22,2048,2000.0,2370.8869989426034,274.5686606326263,1832.7324241026558,2909.041573782551
weak_overlap,naive,23,2049,2000.0,4533.179472505231,151.1951991419125,4236.836882187083,4829.52206282338
weak_overlap,linear,23,2049,2000.0,3567.7915827534393,488.0601686310161,2611.1936522366477,4524.389513270231
weak_overlap,hgb,23,2049,2000.0,2720.2318492007657,243.0776058014572,2243.7997418299096,3196.663956571622
weak_overlap,naive,24,2050,2000.0,4669.294486166651,153.9867766837445,4367.480403866512,4971.1085684667905
weak_overlap,linear,24,2050,2000.0,3398.189723536244,243.7675101833979,2920.405403576784,3875.974043495704
weak_overlap,hgb,24,2050,2000.0,1830.074687710516,558.6486181297346,735.1233961762362,2925.025979244796
weak_overlap,naive,25,2051,2000.0,4400.369219828817,150.61052065357381,4105.172599347812,4695.565840309822
weak_overlap,linear,25,2051,2000.0,3354.8879372597444,188.05279004791194,2986.304468765837,3723.4714057536517
weak_overlap,hgb,25,2051,2000.0,2611.7258405055236,362.44172463279835,1901.3400602252389,3322.1116207858086
weak_overlap,naive,26,2052,2000.0,4500.2519544000515,153.90254345633082,4198.602969225643,4801.90093957446
weak_overlap,linear,26,2052,2000.0,3034.2740181636063,169.09716590603753,2702.843572987773,3365.70446333944
weak_overlap,hgb,26,2052,2000.0,2941.075623350684,282.0611557343533,2388.2357581113515,3493.9154885900166
weak_overlap,naive,27,2053,2000.0,4678.718018301268,145.85217539352183,4392.847754529965,4964.588282072571
weak_overlap,linear,27,2053,2000.0,3553.6512237682196,204.15350935631974,3153.510345429833,3953.7921021066063
weak_overlap,hgb,27,2053,2000.0,2924.550883753609,226.92866538201898,2479.770699604852,3369.331067902366
weak_overlap,naive,28,2054,2000.0,4663.34982288631,147.38533664033787,4374.474563071248,4952.225082701372
weak_overlap,linear,28,2054,2000.0,3471.192553669405,188.91090514601086,3100.9271795832237,3841.457927755586
weak_overlap,hgb,28,2054,2000.0,2924.6392173402646,199.68598959487386,2533.254677734312,3316.0237569462174
weak_overlap,naive,29,2055,2000.0,4582.657424854499,150.03038412925275,4288.597871961164,4876.716977747835
weak_overlap,linear,29,2055,2000.0,2907.251017284809,368.0539669073923,2185.8652421463203,3628.636792423298
weak_overlap,hgb,29,2055,2000.0,1965.8600077732654,545.6216779785642,896.4415189352794,3035.2784966112513
weak_overlap,naive,30,2056,2000.0,4841.083169737691,149.4991949904349,4548.064747556438,5134.101591918943
weak_overlap,linear,30,2056,2000.0,3552.8395540483475,198.36242711367436,3164.0491969055456,3941.6299111911494
weak_overlap,hgb,30,2056,2000.0,2969.0945365996827,291.6943689852867,2397.3735733885205,3540.815499810845
weak_overlap,naive,31,2057,2000.0,4356.679979482666,146.13160749095687,4070.26202880039,4643.097930164941
weak_overlap,linear,31,2057,2000.0,3286.6975248457993,563.9375391465677,2181.379948118527,4392.015101573072
weak_overlap,hgb,31,2057,2000.0,1902.2221176497615,420.3027665703461,1078.4286951718832,2726.0155401276397
weak_overlap,naive,32,2058,2000.0,4576.284835698082,152.0552082783114,4278.256627472591,4874.313043923573
weak_overlap,linear,32,2058,2000.0,3518.76415695722,649.3221901931636,2246.0926641786195,4791.43564973582
weak_overlap,hgb,32,2058,2000.0,2210.119835842958,301.04047570523755,1620.0805034606924,2800.1591682252233
weak_overlap,naive,33,2059,2000.0,4499.46701436736,149.48889265308316,4206.468784767318,4792.465243967403
weak_overlap,linear,33,2059,2000.0,3431.57540504314,630.7756447667583,2195.255141300294,4667.895668785986
weak_overlap,hgb,33,2059,2000.0,2171.847383636256,277.29652886549917,1628.3461870598776,2715.3485802126343
weak_overlap,naive,34,2060,2000.0,4444.817564535795,151.41169534986756,4148.050641650055,4741.584487421535
weak_overlap,linear,34,2060,2000.0,3383.936444824575,222.9658664719466,2946.9233465395596,3820.9495431095906
weak_overlap,hgb,34,2060,2000.0,2820.3974014187484,184.60084587980498,2458.5797434943306,3182.215059343166
weak_overlap,naive,35,2061,2000.0,4512.909476171168,146.69640097625177,4225.384530257714,4800.4344220846215
weak_overlap,linear,35,2061,2000.0,3393.5757901188736,370.53951088619283,2667.3183487819356,4119.833231455812
weak_overlap,hgb,35,2061,2000.0,2403.423688258893,237.3511410703068,1938.2154517610916,2868.6319247566944
weak_overlap,naive,36,2062,2000.0,4326.864622955112,146.71652835519993,4039.3002273789207,4614.429018531304
weak_overlap,linear,36,2062,2000.0,3073.4172826314266,339.0741979941573,2408.831854562878,3738.002710699975
weak_overlap,hgb,36,2062,2000.0,2509.790199905683,336.27692682356167,1850.687423331502,3168.892976479864
weak_overlap,naive,37,2063,2000.0,4444.744934181225,153.4025337716063,4144.075967988877,4745.413900373574
weak_overlap,linear,37,2063,2000.0,3674.160124497098,575.4891461571607,2546.201398029063,4802.118850965133
weak_overlap,hgb,37,2063,2000.0,2575.302227822757,403.870667432096,1783.7157196558487,3366.888735989665
weak_overlap,naive,38,2064,2000.0,4439.801251178502,156.13557210965055,4133.775529843587,4745.826972513417
weak_overlap,linear,38,2064,2000.0,3032.4682072525893,235.8515390222296,2570.1991907690194,3494.737223736159
weak_overlap,hgb,38,2064,2000.0,2495.4941931949525,298.5239884384465,1910.3871758555974,3080.6012105343075
weak_overlap,naive,39,2065,2000.0,4345.848333841015,153.52384815415346,4044.9415914588744,4646.755076223156
weak_overlap,linear,39,2065,2000.0,2920.574158770304,195.85372150771488,2536.700864615183,3304.4474529254253
weak_overlap,hgb,39,2065,2000.0,2666.375629334148,204.68696204691503,2265.1891837221947,3067.5620749461013
weak_overlap,naive,40,2066,2000.0,4434.629258176445,151.09780931739857,4138.477551914343,4730.780964438546
weak_overlap,linear,40,2066,2000.0,3049.486984840055,245.53087831539085,2568.246463341889,3530.727506338221
weak_overlap,hgb,40,2066,2000.0,2292.2045620338045,275.5517264267922,1752.1231782372918,2832.2859458303174
weak_overlap,naive,41,2067,2000.0,4349.951500584362,147.21880630808215,4061.4026402205213,4638.500360948204
weak_overlap,linear,41,2067,2000.0,3145.7419368682936,183.107509718343,2786.8512178203414,3504.6326559162458
weak_overlap,hgb,41,2067,2000.0,2351.683801308691,316.755964478836,1730.842110930172,2972.5254916872095
weak_overlap,naive,42,2068,2000.0,4398.651767837991,152.5252497564791,4099.7022783152925,4697.60125736069
weak_overlap,linear,42,2068,2000.0,2933.8830064112744,400.2919812034772,2149.310723252459,3718.45528957009
weak_overlap,hgb,42,2068,2000.0,2312.4507199855725,269.32123713051305,1784.5810952097668,2840.3203447613782
weak_overlap,naive,43,2069,2000.0,4447.832983981645,149.82884980080235,4154.168438372072,4741.497529591218
weak_overlap,linear,43,2069,2000.0,3035.117632774646,203.68406451872002,2635.896866317955,3434.3383992313375
weak_overlap,hgb,43,2069,2000.0,2682.8594124063266,221.45250882922437,2248.812495101047,3116.9063297116063
weak_overlap,naive,44,2070,2000.0,4333.338999359201,145.57364357474586,4048.014657952699,4618.663340765703
weak_overlap,linear,44,2070,2000.0,2874.4349547591905,219.7284011320778,2443.767288540318,3305.102620978063
weak_overlap,hgb,44,2070,2000.0,2505.2829477619307,271.38643148880294,1973.365542043877,3037.200353479984
weak_overlap,naive,45,2071,2000.0,4664.72989759315,147.0200974876472,4376.5705065173615,4952.889288668938
weak_overlap,linear,45,2071,2000.0,3139.367644918191,322.1727924574174,2507.908971701653,3770.8263181347293
weak_overlap,hgb,45,2071,2000.0,2274.9209858772083,375.7191667879087,1538.5114189729072,3011.330552781509
weak_overlap,naive,46,2072,2000.0,4529.127760669502,145.43124249806405,4244.082525373296,4814.172995965708
weak_overlap,linear,46,2072,2000.0,3416.406870895435,303.7942237299306,2820.970192384771,4011.843549406099
weak_overlap,hgb,46,2072,2000.0,2816.9234774002516,240.82327017783598,2344.909867851693,3288.9370869488102
weak_overlap,naive,47,2073,2000.0,4609.6397093314135,150.08679460171498,4315.469591912052,4903.809826750775
weak_overlap,linear,47,2073,2000.0,3499.206382781712,235.64497964536253,3037.3422226768016,3961.070542886622
weak_overlap,hgb,47,2073,2000.0,3091.570764596288,218.00508597479197,2664.280796085696,3518.86073310688
weak_overlap,naive,48,2074,2000.0,4104.192322435053,153.36588519773477,3803.595187447493,4404.789457422613
weak_overlap,linear,48,2074,2000.0,2762.1866239315787,188.59495508314188,2392.5405119686206,3131.8327358945367
weak_overlap,hgb,48,2074,2000.0,2543.530684464131,219.44460134457415,2113.4192658287657,2973.642103099496
weak_overlap,naive,49,2075,2000.0,4376.184074786021,149.76229394156942,4082.6499786605445,4669.718170911497
weak_overlap,linear,49,2075,2000.0,3093.821959343655,431.480536938763,2248.1201069436797,3939.5238117436306
weak_overlap,hgb,49,2075,2000.0,2588.549262904631,304.36441942354463,1991.9950008344836,3185.103524974779
weak_overlap,naive,50,2076,2000.0,4331.743615214805,153.7493322837467,4030.394923938661,4633.092306490948
weak_overlap,linear,50,2076,2000.0,2833.1189166636254,173.55702349236515,2492.9471506185896,3173.2906827086613
weak_overlap,hgb,50,2076,2000.0,2439.960034059933,257.7627877082048,1934.7449701518517,2945.1750979680146
weak_overlap,naive,51,2077,2000.0,4304.897032272293,154.10492615537487,4002.851377007758,4606.942687536827
weak_overlap,linear,51,2077,2000.0,3078.339622013668,259.6284318392649,2569.4678956087087,3587.211348418627
weak_overlap,hgb,51,2077,2000.0,2361.640452467433,277.6841056181608,1817.379605455838,2905.9012994790282
weak_overlap,naive,52,2078,2000.0,4623.831775362886,160.49489714362144,4309.261776961388,4938.401773764384
weak_overlap,linear,52,2078,2000.0,3190.291521182469,232.92320345211442,2733.7620424163247,3646.820999948613
weak_overlap,hgb,52,2078,2000.0,2241.991573831189,306.3097373074839,1641.6244887085204,2842.3586589538572
weak_overlap,naive,53,2079,2000.0,4521.230829064683,152.1397547874156,4223.036909681348,4819.424748448018
weak_overlap,linear,53,2079,2000.0,3377.108661696461,296.51818279118095,2795.933023425746,3958.2842999671757
weak_overlap,hgb,53,2079,2000.0,2545.8906196026146,212.6631722814552,2129.0708019309623,2962.710437274267
weak_overlap,naive,54,2080,2000.0,4510.103440416982,151.84445618957758,4212.4883062854105,4807.718574548554
weak_overlap,linear,54,2080,2000.0,3374.8397513090094,220.21168324471662,2943.224852149365,3806.454650468654
weak_overlap,hgb,54,2080,2000.0,2781.0913285890088,224.19663684725225,2341.6659203683944,3220.516736809623
weak_overlap,naive,55,2081,2000.0,4383.515490894314,156.50161963023396,4076.7723164190556,4690.258665369573
weak_overlap,linear,55,2081,2000.0,3007.9379001365337,268.12578915944766,2482.4113533840164,3533.464446889051
weak_overlap,hgb,55,2081,2000.0,2264.7435755993306,277.628925133896,1720.5908823368945,2808.8962688617667
weak_overlap,naive,56,2082,2000.0,4192.2414291619225,152.62506494364004,3893.096301872388,4491.386556451457
weak_overlap,linear,56,2082,2000.0,2626.316982695692,202.39995147884042,2229.613077797165,3023.020887594219
weak_overlap,hgb,56,2082,2000.0,2337.683862100276,280.5890264976973,1787.7293701647895,2887.638354035763
weak_overlap,naive,57,2083,2000.0,4315.567711753096,148.68639003114654,4024.1423872920486,4606.993036214143
weak_overlap,linear,57,2083,2000.0,3158.001646490012,229.3860186110803,2708.4050500122944,3607.598242967729
weak_overlap,hgb,57,2083,2000.0,2635.9122498638235,262.0644930913329,2122.2658434048108,3149.558656322836
weak_overlap,naive,58,2084,2000.0,4629.055104562727,152.67588564336685,4329.810368701728,4928.299840423726
weak_overlap,linear,58,2084,2000.0,3234.4322927924927,316.30089920917254,2614.4825303425146,3854.382055242471
weak_overlap,hgb,58,2084,2000.0,2686.3594336269903,232.36632603935618,2230.921434589852,3141.7974326641283
weak_overlap,naive,59,2085,2000.0,4403.4643447700055,147.1762372936152,4114.99891967452,4691.929769865491
weak_overlap,linear,59,2085,2000.0,3042.645079097717,242.70610788826295,2566.9411076367214,3518.3490505587124
weak_overlap,hgb,59,2085,2000.0,2648.8335120760557,255.76516651715514,2147.5337857024315,3150.13323844968
weak_overlap,naive,60,2086,2000.0,4484.61547326127,153.43553005121538,4183.881834360888,4785.349112161653
weak_overlap,linear,60,2086,2000.0,4091.934763100393,934.9394527484998,2259.4534357133334,5924.4160904874525
weak_overlap,hgb,60,2086,2000.0,2662.5975077597172,315.46358369041417,2044.2888837265054,3280.906131792929
weak_overlap,naive,61,2087,2000.0,4549.8768156497545,157.69994739382875,4240.78491875785,4858.9687125416585
weak_overlap,linear,61,2087,2000.0,3070.8038165686025,207.89493819669823,2663.329737703074,3478.277895434131
weak_overlap,hgb,61,2087,2000.0,2776.791397600792,231.6358828219773,2322.785067269717,3230.7977279318675
weak_overlap,naive,62,2088,2000.0,4448.102805289618,151.40527107218315,4151.348473988139,4744.8571365910975
weak_overlap,linear,62,2088,2000.0,3601.174976198583,251.91154209067187,3107.428353700866,4094.9215986963
weak_overlap,hgb,62,2088,2000.0,2679.509059029747,333.44607456290396,2025.954752886455,3333.0633651730386
weak_overlap,naive,63,2089,2000.0,4356.530157263513,154.41456230741653,4053.877615140976,4659.182699386049
weak_overlap,linear,63,2089,2000.0,3512.736108185887,535.3940966060551,2463.363678838019,4562.108537533755
weak_overlap,hgb,63,2089,2000.0,2458.4312317661625,290.8770642017021,1888.3121859308262,3028.5502776014987
weak_overlap,naive,64,2090,2000.0,4529.0986108129855,156.75180529728405,4221.865072430309,4836.332149195662
weak_overlap,linear,64,2090,2000.0,3015.812698767907,211.51779095324414,2601.2378284995484,3430.3875690362656
weak_overlap,hgb,64,2090,2000.0,2532.349146610707,203.0546841029536,2134.361965768918,2930.3363274524963
weak_overlap,naive,65,2091,2000.0,4833.023806410072,153.2945521513167,4532.566484193491,5133.481128626653
weak_overlap,linear,65,2091,2000.0,3616.9987120659607,190.2690495003074,3244.0713750453583,3989.926049086563
weak_overlap,hgb,65,2091,2000.0,2506.4908437709228,268.5688245536901,1980.09594764569,3032.8857398961554
weak_overlap,naive,66,2092,2000.0,4162.261087016785,150.56291975300275,3867.157764300899,4457.36440973267
weak_overlap,linear,66,2092,2000.0,3101.0902833601276,204.25558503022327,2700.74933670089,3501.431230019365
weak_overlap,hgb,66,2092,2000.0,2487.1628036741636,192.31436903649373,2110.226640362636,2864.0989669856913
weak_overlap,naive,67,2093,2000.0,4554.252298591831,147.94207382522853,4264.285833894383,4844.218763289279
weak_overlap,linear,67,2093,2000.0,3343.2383301770747,357.0888895448814,2643.344106669107,4043.1325536850422
weak_overlap,hgb,67,2093,2000.0,2384.695353564894,501.68353449282324,1401.3956259589604,3367.9950811708277
weak_overlap,naive,68,2094,2000.0,4601.653274538399,152.86069532739864,4302.046311696698,4901.260237380101
weak_overlap,linear,68,2094,2000.0,3323.808378317913,192.88389392824706,2945.755946218549,3701.860810417277
weak_overlap,hgb,68,2094,2000.0,2623.9123634496823,297.6156969781574,2040.5855973724938,3207.239129526871
weak_overlap,naive,69,2095,2000.0,4597.124072832074,160.0116539238887,4283.501231141252,4910.746914522895
weak_overlap,linear,69,2095,2000.0,3736.7608447574316,504.2595846883879,2748.4120587681914,4725.109630746672
weak_overlap,hgb,69,2095,2000.0,2638.7099553073112,234.6140123422664,2178.866491116469,3098.5534194981533
weak_overlap,naive,70,2096,2000.0,4140.175033541824,147.4338345895084,3851.2047177463874,4429.14534933726
weak_overlap,linear,70,2096,2000.0,3428.154364369851,264.2992552707452,2910.1278240391903,3946.1809047005117
weak_overlap,hgb,70,2096,2000.0,2290.0734927019284,286.4156524045295,1728.6988139890504,2851.4481714148064
weak_overlap,naive,71,2097,2000.0,4496.748070671745,153.09352528417259,4196.684761114767,4796.8113802287235
weak_overlap,linear,71,2097,2000.0,3233.5548134024075,182.8455175616722,2875.17759898153,3591.932027823285
weak_overlap,hgb,71,2097,2000.0,2828.1416475522515,212.22355612544376,2412.1834775463817,3244.0998175581212
weak_overlap,naive,72,2098,2000.0,4449.2482567016905,149.43923197177216,4156.347362037017,4742.149151366364
weak_overlap,linear,72,2098,2000.0,3392.0359791608325,256.4987113038898,2889.2985050052084,3894.7734533164567
weak_overlap,hgb,72,2098,2000.0,2628.6684276215897,302.80646723135254,2035.1677518481388,3222.1691033950406
weak_overlap,naive,73,2099,2000.0,4562.544453724537,147.2867755583967,4273.862373630079,4851.2265338189945
weak_overlap,linear,73,2099,2000.0,3689.5518513435027,275.8779624925815,3148.831044858043,4230.272657828962
weak_overlap,hgb,73,2099,2000.0,2577.7861728190646,263.7602552770118,2060.8160724761215,3094.756273162008
weak_overlap,naive,74,2100,2000.0,4428.3425667609245,148.3291262345135,4137.617479341278,4719.067654180571
weak_overlap,linear,74,2100,2000.0,3314.589571621106,223.94682032416748,2875.653803785738,3753.5253394564743
weak_overlap,hgb,74,2100,2000.0,2398.570009172575,336.7402397150055,1738.559139331164,3058.5808790139854
weak_overlap,naive,75,2101,2000.0,4104.040688493367,153.15612644323613,3803.8546806646245,4404.22669632211
weak_overlap,linear,75,2101,2000.0,2978.211021839928,317.69429215633176,2355.530209213518,3600.891834466338
weak_overlap,hgb,75,2101,2000.0,2083.930046739272,293.0854157847131,1509.4826318012342,2658.3774616773094
weak_overlap,naive,76,2102,2000.0,4601.27607799376,148.35673555548433,4310.49687630501,4892.0552796825095
weak_overlap,linear,76,2102,2000.0,3033.2932411832244,217.3873748232151,2607.2139865297227,3459.372495836726
weak_overlap,hgb,76,2102,2000.0,2563.5579907472697,276.6693826864302,2021.2860006818664,3105.829980812673
weak_overlap,naive,77,2103,2000.0,4172.4607777658375,158.26405605148284,3862.2632279049312,4482.658327626744
weak_overlap,linear,77,2103,2000.0,2601.8821051581663,257.5968383442519,2096.9923020034325,3106.7719083129
weak_overlap,hgb,77,2103,2000.0,2454.8953835411,311.9618801340199,1843.4500984784208,3066.340668603779
weak_overlap,naive,78,2104,2000.0,4433.8875404352075,144.62498041420454,4150.422578823366,4717.352502047049
weak_overlap,linear,78,2104,2000.0,3208.558891680467,201.0788097670956,2814.4444245369596,3602.673358823974
weak_overlap,hgb,78,2104,2000.0,2964.5041934944124,186.3880927600244,2599.1835316847646,3329.8248553040603
weak_overlap,naive,79,2105,2000.0,4388.891123019509,149.97147489621116,4094.9470322229354,4682.835213816083
weak_overlap,linear,79,2105,2000.0,3240.406761267143,309.6761255385874,2633.4415552115115,3847.3719673227743
weak_overlap,hgb,79,2105,2000.0,2681.91741481192,219.78198912310168,2251.1447161306405,3112.6901134931995
weak_overlap,naive,80,2106,2000.0,4460.094652108436,154.29036462854594,4157.685537436486,4762.503766780386
weak_overlap,linear,80,2106,2000.0,3077.037426155601,287.79331275597366,2512.9625331538928,3641.1123191573097
weak_overlap,hgb,80,2106,2000.0,2589.6485148822017,374.1853084038106,1856.2453104107328,3323.0517193536707
weak_overlap,naive,81,2107,2000.0,4711.232734031166,154.83166677776543,4407.762667146746,5014.702800915586
weak_overlap,linear,81,2107,2000.0,3266.471911597936,168.29066004233061,2936.622217914968,3596.321605280904
weak_overlap,hgb,81,2107,2000.0,2763.1391397784405,186.7576407550867,2397.0941638984705,3129.1841156584105
weak_overlap,naive,82,2108,2000.0,4656.735421463478,150.1211846905937,4362.497899469914,4950.972943457042
weak_overlap,linear,82,2108,2000.0,3330.393358656221,203.1812288679544,2932.158150075031,3728.6285672374115
weak_overlap,hgb,82,2108,2000.0,2533.217253208514,365.13605738827863,1817.550580727488,3248.8839256895403
weak_overlap,naive,83,2109,2000.0,4394.154111739097,153.19031093521926,4093.9011023060675,4694.407121172127
weak_overlap,linear,83,2109,2000.0,3574.9102340728346,628.5625543653584,2342.927627516732,4806.892840628937
weak_overlap,hgb,83,2109,2000.0,2270.247487909281,363.4624509524969,1557.8610840423871,2982.633891776175
weak_overlap,naive,84,2110,2000.0,4308.831455799241,152.94678564167174,4009.0557559415643,4608.607155656918
weak_overlap,linear,84,2110,2000.0,2996.8056027455186,178.9249565157022,2646.112687974742,3347.498517516295
weak_overlap,hgb,84,2110,2000.0,2386.8634284712657,241.3942794857162,1913.730640679262,2859.9962162632696
weak_overlap,naive,85,2111,2000.0,4473.837405688061,150.10762285764508,4179.6264648870765,4768.048346489046
weak_overlap,linear,85,2111,2000.0,2964.999451031869,188.34681854498078,2595.8396866837065,3334.159215380031
weak_overlap,hgb,85,2111,2000.0,2846.2417247617827,211.33094938377073,2432.033063969592,3260.4503855539733
weak_overlap,naive,86,2112,2000.0,4489.869905327951,150.20641495817122,4195.465332009935,4784.274478645966
weak_overlap,linear,86,2112,2000.0,3504.2064140767484,247.8278489633169,3018.463830108647,3989.9489980448498
weak_overlap,hgb,86,2112,2000.0,2800.1998487799183,229.16780384039154,2351.030953252751,3249.3687443070858
weak_overlap,naive,87,2113,2000.0,4607.747043215224,154.51850175146612,4304.89077978235,4910.603306648098
weak_overlap,linear,87,2113,2000.0,3323.567515218477,235.67720501752785,2861.6401933841225,3785.494837052832
weak_overlap,hgb,87,2113,2000.0,2210.89548823719,352.52383966026576,1519.9487625030692,2901.8422139713107
weak_overlap,naive,88,2114,2000.0,4506.209479809417,149.38751929457314,4213.409941992053,4799.00901762678
weak_overlap,linear,88,2114,2000.0,3689.731869561883,259.5300156132858,3181.0530389598425,4198.410700163923
weak_overlap,hgb,88,2114,2000.0,3379.306951622115,220.82157245872526,2946.4966696030133,3812.1172336412164
weak_overlap,naive,89,2115,2000.0,4141.517570816677,146.68176774945397,3854.0213060277474,4429.013835605607
weak_overlap,linear,89,2115,2000.0,2641.769481992637,204.5575631926379,2240.8366581350665,3042.7023058502073
weak_overlap,hgb,89,2115,2000.0,2263.5625638974107,335.07710102951796,1606.8114458795553,2920.313681915266
weak_overlap,naive,90,2116,2000.0,4393.9523109744605,153.4765480815129,4093.138276734695,4694.766345214226
weak_overlap,linear,90,2116,2000.0,3327.329614224431,213.26710523998838,2909.326087954054,3745.3331404948085
weak_overlap,hgb,90,2116,2000.0,2152.8317337000976,374.1944735004829,1419.4105656391512,2886.252901761044
weak_overlap,naive,91,2117,2000.0,4386.808517805312,146.70100574029917,4099.274546554325,4674.342489056298
weak_overlap,linear,91,2117,2000.0,2912.8012599877643,216.7081612379435,2488.053263961395,3337.549256014134
weak_overlap,hgb,91,2117,2000.0,2203.241640700479,312.2324422503641,1591.2660538897653,2815.2172275111925
weak_overlap,naive,92,2118,2000.0,4607.114997492396,148.0838480280189,4316.870655357478,4897.359339627313
weak_overlap,linear,92,2118,2000.0,3284.3294722698306,295.70417919277367,2704.7492810519943,3863.909663487667
weak_overlap,hgb,92,2118,2000.0,2553.3072900100424,276.07745218145186,2012.1954837343967,3094.4190962856883
weak_overlap,naive,93,2119,2000.0,4716.226372274365,149.50729616762652,4423.192071785817,5009.260672762913
weak_overlap,linear,93,2119,2000.0,4143.185786882829,1209.26375934963,1773.0288185575546,6513.342755208104
weak_overlap,hgb,93,2119,2000.0,2560.6474990321385,278.64102893783985,2014.5110823139726,3106.7839157503045
weak_overlap,naive,94,2120,2000.0,4490.700542487882,156.50004474843433,4183.96045478095,4797.440630194813
weak_overlap,linear,94,2120,2000.0,3021.1558277682807,179.2366777039443,2669.85193946855,3372.4597160680114
weak_overlap,hgb,94,2120,2000.0,2387.2560976032128,284.1318056864749,1830.357758457722,2944.1544367487036
weak_overlap,naive,95,2121,2000.0,4470.3023088583195,148.51659151683808,4179.209789485317,4761.394828231322
weak_overlap,linear,95,2121,2000.0,3228.3389315861477,339.9454856675859,2562.0457796776795,3894.632083494616
weak_overlap,hgb,95,2121,2000.0,2660.103811070344,222.8017581691961,2223.4123650587194,3096.7952570819684
weak_overlap,naive,96,2122,2000.0,4619.842027547367,152.3053523070089,4321.32353702563,4918.360518069105
weak_overlap,linear,96,2122,2000.0,3252.200754933382,211.99506035961215,2836.690436628542,3667.711073238222
weak_overlap,hgb,96,2122,2000.0,2302.1104478437455,289.0741316543276,1735.5251498012635,2868.6957458862275
weak_overlap,naive,97,2123,2000.0,4605.328062122063,147.64015000985563,4315.953368102746,4894.70275614138
weak_overlap,linear,97,2123,2000.0,3645.6859023074107,366.89548062687663,2926.5707602787325,4364.801044336089
weak_overlap,hgb,97,2123,2000.0,3179.8981177873284,355.56982844809824,2482.981254029056,3876.814981545601
weak_overlap,naive,98,2124,2000.0,4521.052228459041,157.23435846996244,4212.872885857914,4829.231571060167
weak_overlap,linear,98,2124,2000.0,3057.3920434817182,222.04126045806754,2622.1911729839057,3492.5929139795307
weak_overlap,hgb,98,2124,2000.0,2517.645678612087,228.57087056329772,2069.6467723080236,2965.6445849161505
weak_overlap,naive,99,2125,2000.0,4600.68766367833,152.49049591688856,4301.806291681229,4899.569035675431
weak_overlap,linear,99,2125,2000.0,3371.072615735165,301.6865931297138,2779.766893200926,3962.378338269404
weak_overlap,hgb,99,2125,2000.0,2864.3526627587685,268.8659752721367,2337.3753512253807,3391.3299742921563
hidden_confounding,naive,0,2026,2000.0,4972.799317115869,192.22061775838125,4596.0469063094415,5349.551727922296
hidden_confounding,linear,0,2026,2000.0,4275.907743241649,192.06406625085637,3899.4621733899703,4652.353313093327
hidden_confounding,hgb,0,2026,2000.0,3696.992052775396,240.1654261011451,3226.2678176171516,4167.71628793364
hidden_confounding,naive,1,2027,2000.0,4759.941983378381,187.941233952403,4391.577164831671,5128.306801925091
hidden_confounding,linear,1,2027,2000.0,4278.556166976684,186.80223103801174,3912.4237941421807,4644.688539811187
hidden_confounding,hgb,1,2027,2000.0,3828.4261199771113,240.73441508098426,3356.5866664183823,4300.26557353584
hidden_confounding,naive,2,2028,2000.0,4211.662630674569,185.82095327108894,3847.4535622632347,4575.871699085904
hidden_confounding,linear,2,2028,2000.0,3545.8235330451635,198.1110846398802,3157.5258071509984,3934.1212589393285
hidden_confounding,hgb,2,2028,2000.0,3171.4965640377272,358.0658492170268,2469.6874995723547,3873.3056285031
hidden_confounding,naive,3,2029,2000.0,4522.833568160207,189.43290219964942,4151.545079848894,4894.1220564715195
hidden_confounding,linear,3,2029,2000.0,3842.823518528603,187.47821462467346,3475.366217864243,4210.2808191929635
hidden_confounding,hgb,3,2029,2000.0,3560.120683128838,209.70555403118902,3149.097797227708,3971.1435690299686
hidden_confounding,naive,4,2030,2000.0,4795.307271908529,186.73979073550564,4429.297282066938,5161.31726175012
hidden_confounding,linear,4,2030,2000.0,4274.702162524024,184.02345792011064,3914.016185000607,4635.388140047441
hidden_confounding,hgb,4,2030,2000.0,3846.432090014611,219.49358226828073,3416.2246687687807,4276.639511260441
hidden_confounding,naive,5,2031,2000.0,4631.66091615236,181.43373393219673,4276.0507976452545,4987.271034659466
hidden_confounding,linear,5,2031,2000.0,4198.29381938041,179.37389265014315,3846.72098978613,4549.866648974691
hidden_confounding,hgb,5,2031,2000.0,3698.558588511949,228.87534112606104,3249.9629199048695,4147.154257119028
hidden_confounding,naive,6,2032,2000.0,4786.504980688938,183.43328598492403,4426.9757401584875,5146.034221219389
hidden_confounding,linear,6,2032,2000.0,4219.309609469345,212.99961692274616,3801.830360300762,4636.788858637927
hidden_confounding,hgb,6,2032,2000.0,3649.493183622795,270.5007851045493,3119.3116448178785,4179.6747224277115
hidden_confounding,naive,7,2033,2000.0,4856.640595684912,185.87860262267142,4492.318534544476,5220.962656825348
hidden_confounding,linear,7,2033,2000.0,4249.511376180454,192.23351384509684,3872.7336890440642,4626.289063316844
hidden_confounding,hgb,7,2033,2000.0,3778.2029896156305,224.2704761869732,3338.632856289163,4217.773122942098
hidden_confounding,naive,8,2034,2000.0,4680.635810042058,190.4989773901277,4307.257814357408,5054.013805726709
hidden_confounding,linear,8,2034,2000.0,4194.71109548462,190.01434132122066,3822.2829864950277,4567.139204474212
hidden_confounding,hgb,8,2034,2000.0,3791.738471986768,229.80320417517154,3341.324191803432,4242.152752170105
hidden_confounding,naive,9,2035,2000.0,5117.396537898538,182.6112273671742,4759.478532258876,5475.314543538199
hidden_confounding,linear,9,2035,2000.0,4579.587778471159,189.48710241949834,4208.193057728942,4950.982499213376
hidden_confounding,hgb,9,2035,2000.0,3913.5400919626704,235.37322895211204,3452.208563216531,4374.87162070881
hidden_confounding,naive,10,2036,2000.0,4871.8820245023035,189.2565154122684,4500.939254294258,5242.824794710349
hidden_confounding,linear,10,2036,2000.0,4212.254068499205,190.86733935840024,3838.15408335674,4586.354053641669
hidden_confounding,hgb,10,2036,2000.0,3624.8768428095373,257.77037590311227,3119.6469060394375,4130.106779579637
hidden_confounding,naive,11,2037,2000.0,4511.14967746628,183.35696525628202,4151.7700255639675,4870.529329368593
hidden_confounding,linear,11,2037,2000.0,4147.930968506149,177.74060641876372,3799.559379925372,4496.302557086926
hidden_confounding,hgb,11,2037,2000.0,3642.369245953435,261.2528608544772,3130.3136386786596,4154.42485322821
hidden_confounding,naive,12,2038,2000.0,4809.919081844917,182.627388033062,4451.969401300115,5167.8687623897185
hidden_confounding,linear,12,2038,2000.0,4277.625332012805,176.07128197953156,3932.5256193329233,4622.725044692687
hidden_confounding,hgb,12,2038,2000.0,3798.6424069312643,222.38371353525767,3362.770328402159,4234.5144854603695
hidden_confounding,naive,13,2039,2000.0,4698.82666658026,177.81041708441853,4350.3182490948,5047.33508406572
hidden_confounding,linear,13,2039,2000.0,4195.713193884837,185.93460099809698,3831.281375928567,4560.145011841107
hidden_confounding,hgb,13,2039,2000.0,3942.88932471484,216.2539835773645,3519.0315169032056,4366.747132526474
hidden_confounding,naive,14,2040,2000.0,4717.798842265458,184.4451055842607,4356.286435320307,5079.311249210609
hidden_confounding,linear,14,2040,2000.0,4302.749259110684,193.1402213856054,3924.194425194897,4681.304093026471
hidden_confounding,hgb,14,2040,2000.0,3882.2340885801286,210.71160488016008,3469.239343015015,4295.228834145242
hidden_confounding,naive,15,2041,2000.0,4430.337768690279,181.91347364235634,4073.7873603512603,4786.888177029297
hidden_confounding,linear,15,2041,2000.0,3916.5879104044943,174.96241938467747,3573.6615684105263,4259.514252398462
hidden_confounding,hgb,15,2041,2000.0,3609.9794790167653,210.82728242334738,3196.7580054670043,4023.200952566526
hidden_confounding,naive,16,2042,2000.0,4904.7920837460515,185.8838266689292,4540.45978347495,5269.124384017153
hidden_confounding,linear,16,2042,2000.0,4309.258032835008,199.0467161008267,3919.1264692773875,4699.389596392628
hidden_confounding,hgb,16,2042,2000.0,3825.817178302363,247.45599993635173,3340.8034184271137,4310.830938177613
hidden_confounding,naive,17,2043,2000.0,4852.876025154592,182.51563992203322,4495.145370907407,5210.606679401777
hidden_confounding,linear,17,2043,2000.0,4284.304846236341,203.4970468923076,3885.4506343274184,4683.159058145264
hidden_confounding,hgb,17,2043,2000.0,4037.4083840471926,254.62132571436044,3538.350585647046,4536.466182447339
hidden_confounding,naive,18,2044,2000.0,4940.828192664194,187.84076373124944,4572.660295750945,5308.996089577443
hidden_confounding,linear,18,2044,2000.0,4478.749238999548,202.06813751412716,4082.6956894718587,4874.802788527237
hidden_confounding,hgb,18,2044,2000.0,3756.465272706914,239.91782981565586,3286.2263262682286,4226.704219145599
hidden_confounding,naive,19,2045,2000.0,4551.493774936704,195.37017047325486,4168.568240809124,4934.419309064283
hidden_confounding,linear,19,2045,2000.0,4023.330325235264,188.90425047085301,3653.077994312392,4393.582656158136
hidden_confounding,hgb,19,2045,2000.0,3704.624261873832,246.46771429246445,3221.5475418606015,4187.700981887062
hidden_confounding,naive,20,2046,2000.0,4669.673279907333,192.1330161182938,4293.092568315477,5046.253991499189
hidden_confounding,linear,20,2046,2000.0,4130.7800983497555,182.72257322235774,3772.6438548339343,4488.916341865576
hidden_confounding,hgb,20,2046,2000.0,3672.294432451244,216.22219796183163,3248.498924446054,4096.089940456434
hidden_confounding,naive,21,2047,2000.0,4689.781027297244,184.67356707628105,4327.820835827733,5051.741218766754
hidden_confounding,linear,21,2047,2000.0,4196.328572882544,187.6160105178581,3828.601192267542,4564.0559534975455
hidden_confounding,hgb,21,2047,2000.0,3693.457708668938,275.4035735499472,3153.666704511041,4233.248712826834
hidden_confounding,naive,22,2048,2000.0,4735.186882331876,187.91857586347876,4366.8664736394585,5103.507291024294
hidden_confounding,linear,22,2048,2000.0,4243.515704460789,184.53084474621974,3881.835248758198,4605.196160163379
hidden_confounding,hgb,22,2048,2000.0,4183.215013540157,241.45437053939668,3709.9644472829395,4656.465579797375
hidden_confounding,naive,23,2049,2000.0,4799.305879329966,186.0486778180256,4434.650470806636,5163.961287853296
hidden_confounding,linear,23,2049,2000.0,4269.0726510219765,192.82239061071044,3891.1407654249842,4647.004536618969
hidden_confounding,hgb,23,2049,2000.0,3892.3113961453964,270.01564971405884,3363.0807227058413,4421.542069584952
hidden_confounding,naive,24,2050,2000.0,4653.422036465141,192.4285983342181,4276.261983730074,5030.582089200208
hidden_confounding,linear,24,2050,2000.0,4145.609220640556,198.5178733898368,3756.5141887964755,4534.704252484636
hidden_confounding,hgb,24,2050,2000.0,3755.862489038117,212.74657077005463,3338.87921032881,4172.845767747424
hidden_confounding,naive,25,2051,2000.0,4522.579013291729,182.23803600569826,4165.392462720561,4879.765563862898
hidden_confounding,linear,25,2051,2000.0,4057.0636190237374,184.92272109474888,3694.6150856780296,4419.512152369445
hidden_confounding,hgb,25,2051,2000.0,3883.5516594102755,218.89623211826844,3454.515044458469,4312.588274362081
hidden_confounding,naive,26,2052,2000.0,4851.763031371893,186.39977961684673,4486.4194633228735,5217.106599420912
hidden_confounding,linear,26,2052,2000.0,4317.796400135556,198.41139909494723,3928.9100579094593,4706.682742361652
hidden_confounding,hgb,26,2052,2000.0,4157.204406678864,234.37285197719973,3697.8336168035526,4616.575196554176
hidden_confounding,naive,27,2053,2000.0,4432.184724021096,184.97927561005233,4069.625343825394,4794.744104216799
hidden_confounding,linear,27,2053,2000.0,4016.70827722451,188.383516171895,3647.4765855275955,4385.939968921424
hidden_confounding,hgb,27,2053,2000.0,3559.8135314793667,218.05812799925633,3132.419600600824,3987.207462357909
hidden_confounding,naive,28,2054,2000.0,4791.875027364735,179.28039872273106,4440.485445868182,5143.264608861287
hidden_confounding,linear,28,2054,2000.0,4237.981662740725,179.63190883084212,3885.903121432275,4590.060204049176
hidden_confounding,hgb,28,2054,2000.0,4076.387838264885,227.54658347009502,3630.3965346634986,4522.379141866271
hidden_confounding,naive,29,2055,2000.0,4937.364081250935,181.95381742896657,4580.73459909016,5293.993563411709
hidden_confounding,linear,29,2055,2000.0,4484.491265192041,180.28409595124558,4131.1344371276,4837.848093256483
hidden_confounding,hgb,29,2055,2000.0,4420.377819062352,210.49232139896415,4007.812869120382,4832.942769004321
hidden_confounding,naive,30,2056,2000.0,4715.280736865944,189.7551633136395,4343.3606167712105,5087.200856960678
hidden_confounding,linear,30,2056,2000.0,4158.046867686807,188.65844048465718,3788.2763243368786,4527.8174110367345
hidden_confounding,hgb,30,2056,2000.0,3467.7963048369475,290.86423026778544,2897.7024135120882,4037.8901961618067
hidden_confounding,naive,31,2057,2000.0,4566.42849688838,180.5241718148795,4212.601120131217,4920.255873645544
hidden_confounding,linear,31,2057,2000.0,4135.232071776095,177.9590917380055,3786.4322519696043,4484.031891582586
hidden_confounding,hgb,31,2057,2000.0,4010.9967782798453,206.637450384572,3605.987375526084,4416.0061810336065
hidden_confounding,naive,32,2058,2000.0,4713.7108599603525,187.03664933387097,4347.119027265965,5080.30269265474
hidden_confounding,linear,32,2058,2000.0,3979.0553912719365,189.68768523256495,3607.267528216109,4350.843254327764
hidden_confounding,hgb,32,2058,2000.0,3780.9366000293057,249.58345216496434,3291.7530337859757,4270.120166272636
hidden_confounding,naive,33,2059,2000.0,5031.3112385125605,180.90302301765988,4676.741313397947,5385.881163627174
hidden_confounding,linear,33,2059,2000.0,4423.8406799666445,206.62198436180796,4018.861590617501,4828.819769315788
hidden_confounding,hgb,33,2059,2000.0,3915.4407850206503,222.4304534679856,3479.477096223399,4351.404473817902
hidden_confounding,naive,34,2060,2000.0,4956.899696989887,185.01706717341744,4594.266245329989,5319.533148649785
hidden_confounding,linear,34,2060,2000.0,4393.12074042004,192.7423071922565,4015.345818323218,4770.895662516863
hidden_confounding,hgb,34,2060,2000.0,4035.504754600159,212.4248622108005,3619.1520246669897,4451.857484533328
hidden_confounding,naive,35,2061,2000.0,4862.261349721707,182.81003309588831,4503.953684853766,5220.569014589648
hidden_confounding,linear,35,2061,2000.0,4178.829591352804,182.06631077079152,3821.9796222420523,4535.679560463555
hidden_confounding,hgb,35,2061,2000.0,3742.965286707882,235.99910425375708,3280.4070423705184,4205.523531045246
hidden_confounding,naive,36,2062,2000.0,4594.731933129211,183.30727429775672,4235.449675505608,4954.014190752814
hidden_confounding,linear,36,2062,2000.0,4068.7703746087664,191.4828008968811,3693.4640848508793,4444.076664366653
hidden_confounding,hgb,36,2062,2000.0,3889.646703003327,241.36350863485882,3416.5742260790034,4362.71917992765
hidden_confounding,naive,37,2063,2000.0,4625.800177843008,180.165392431443,4272.676008677379,4978.924347008637
hidden_confounding,linear,37,2063,2000.0,4014.176055919087,174.21281604833936,3672.718936464342,4355.633175373832
hidden_confounding,hgb,37,2063,2000.0,3753.3177306220477,207.89318912300124,3345.847079940965,4160.78838130313
hidden_confounding,naive,38,2064,2000.0,4543.92114683267,187.98176501880783,4175.476887395807,4912.365406269533
hidden_confounding,linear,38,2064,2000.0,4056.442795067795,190.60773833656728,3682.851627928123,4430.033962207467
hidden_confounding,hgb,38,2064,2000.0,3875.285111926378,210.83437522726862,3462.049736480931,4288.520487371824
hidden_confounding,naive,39,2065,2000.0,4710.266364973818,189.593782255166,4338.662551753692,5081.8701781939435
hidden_confounding,linear,39,2065,2000.0,4256.92271025362,184.37773584735694,3895.5423479928,4618.303072514439
hidden_confounding,hgb,39,2065,2000.0,4062.290971950939,240.68104725510486,3590.556119330933,4534.025824570945
hidden_confounding,naive,40,2066,2000.0,4876.053891126521,185.86823981412283,4511.75214109084,5240.355641162202
hidden_confounding,linear,40,2066,2000.0,4317.710451972524,190.9950005766527,3943.360250842285,4692.060653102763
hidden_confounding,hgb,40,2066,2000.0,3821.6181697877983,255.83454214331016,3320.1824671869103,4323.053872388686
hidden_confounding,naive,41,2067,2000.0,4597.577878417773,184.67088206464967,4235.6229495710595,4959.532807264486
hidden_confounding,linear,41,2067,2000.0,4137.982402377011,180.23988508025815,3784.7122276197047,4491.252577134316
hidden_confounding,hgb,41,2067,2000.0,3948.9177063898564,214.79429542522746,3527.9208873564107,4369.914525423303
hidden_confounding,naive,42,2068,2000.0,4567.706434678169,188.6222517161433,4198.006821314528,4937.40604804181
hidden_confounding,linear,42,2068,2000.0,3982.115568003973,190.18974988222283,3609.3436582348163,4354.88747777313
hidden_confounding,hgb,42,2068,2000.0,3498.6960923485562,259.7301186428937,2989.625059808485,4007.7671248886277
hidden_confounding,naive,43,2069,2000.0,4601.041994874787,185.99160256104986,4236.498453855129,4965.585535894445
hidden_confounding,linear,43,2069,2000.0,3938.753793264204,187.67768841494637,3570.905523970909,4306.602062557499
hidden_confounding,hgb,43,2069,2000.0,3747.7786843619224,233.64773615821872,3289.8291214918136,4205.728247232031
hidden_confounding,naive,44,2070,2000.0,4486.322590436999,187.189260205416,4119.431640434384,4853.213540439615
hidden_confounding,linear,44,2070,2000.0,3862.0649346715672,200.46485800230383,3469.153812987052,4254.976056356083
hidden_confounding,hgb,44,2070,2000.0,3540.7189600559777,264.90644076067883,3021.5023361650474,4059.935583946908
hidden_confounding,naive,45,2071,2000.0,4661.985768697912,182.62614434272328,4304.038525786174,5019.93301160965
hidden_confounding,linear,45,2071,2000.0,4098.400688547492,193.71786690950114,3718.7136694048695,4478.087707690114
hidden_confounding,hgb,45,2071,2000.0,3719.368330750717,243.74103847613316,3241.635895337496,4197.100766163938
hidden_confounding,naive,46,2072,2000.0,4577.594218799015,183.12177212962624,4218.675545424948,4936.512892173082
hidden_confounding,linear,46,2072,2000.0,4238.541375287121,179.04271946283387,3887.6176451399665,4589.465105434276
hidden_confounding,hgb,46,2072,2000.0,3849.260675736673,204.43683094917674,3448.5644870762867,4249.95686439706
hidden_confounding,naive,47,2073,2000.0,4618.13931218194,185.4646316700099,4254.628634108721,4981.6499902551595
hidden_confounding,linear,47,2073,2000.0,4132.397492291352,190.85645840336718,3758.3188338207524,4506.476150761951
hidden_confounding,hgb,47,2073,2000.0,3842.283038821585,245.52363990494166,3361.056704607899,4323.50937303527
hidden_confounding,naive,48,2074,2000.0,4492.199041372003,184.5399145946899,4130.500808766411,4853.897273977595
hidden_confounding,linear,48,2074,2000.0,4038.250534089404,180.46805268846467,3684.5331508200134,4391.967917358795
hidden_confounding,hgb,48,2074,2000.0,3617.5623961592996,208.63507485547242,3208.6376494425735,4026.4871428760257
hidden_confounding,naive,49,2075,2000.0,4648.638672324812,187.97370896746804,4280.210202748575,5017.06714190105
hidden_confounding,linear,49,2075,2000.0,3973.642919720225,189.94657008941627,3601.3476423449692,4345.938197095481
hidden_confounding,hgb,49,2075,2000.0,3793.5654871452534,234.20034087921604,3334.53281902199,4252.598155268517
hidden_confounding,naive,50,2076,2000.0,4790.89504669521,185.96596904510864,4426.401747366797,5155.388346023623
hidden_confounding,linear,50,2076,2000.0,4336.298579684399,184.69164924059785,3974.302947172827,4698.29421219597
hidden_confounding,hgb,50,2076,2000.0,4213.059305163979,250.0850528491473,3722.89260157965,4703.226008748307
hidden_confounding,naive,51,2077,2000.0,4422.117577210631,187.79658466179723,4054.036271273508,4790.198883147754
hidden_confounding,linear,51,2077,2000.0,3948.4194671693053,191.56825412203332,3572.94568909012,4323.8932452484905
hidden_confounding,hgb,51,2077,2000.0,3613.660529385803,225.1926984839353,3172.28284035729,4055.038218414316
hidden_confounding,naive,52,2078,2000.0,4740.377785800634,195.00582754700915,4358.1663638084965,5122.589207792772
hidden_confounding,linear,52,2078,2000.0,4078.2140772339026,202.78074289615404,3680.763821157441,4475.664333310365
hidden_confounding,hgb,52,2078,2000.0,3816.392804847673,249.49959695583425,3327.3735948142375,4305.412014881108
hidden_confounding,naive,53,2079,2000.0,4539.457092593515,189.6555338852619,4167.7322461784015,4911.181939008628
hidden_confounding,linear,53,2079,2000.0,3875.6762848845665,190.05486532299483,3503.1687488514967,4248.183820917637
hidden_confounding,hgb,53,2079,2000.0,3375.8261873195947,261.8049070378489,2862.688569525411,3888.9638051137786
hidden_confounding,naive,54,2080,2000.0,4729.811306092683,183.75498601056088,4369.651533511983,5089.971078673382
hidden_confounding,linear,54,2080,2000.0,4198.097288059694,188.97827790901994,3827.6998633580147,4568.494712761373
hidden_confounding,hgb,54,2080,2000.0,3832.0303748581355,250.28740684952982,3341.467057433057,4322.593692283214
hidden_confounding,naive,55,2081,2000.0,4798.40909503679,188.56731824819022,4428.8171512703375,5168.001038803242
hidden_confounding,linear,55,2081,2000.0,4386.637926393743,188.79957285612448,4016.590763595739,4756.6850891917475
hidden_confounding,hgb,55,2081,2000.0,3883.4834682152564,255.637425076017,3382.434115066263,4384.53282136425
hidden_confounding,naive,56,2082,2000.0,4745.281270495002,182.88812850338724,4386.820538628363,5103.742002361641
hidden_confounding,linear,56,2082,2000.0,4104.249004743478,183.32361019123783,3744.9347287686514,4463.563280718304
hidden_confounding,hgb,56,2082,2000.0,3842.4753679980977,250.19200665922529,3352.099034946016,4332.851701050179
hidden_confounding,naive,57,2083,2000.0,4726.943688422272,183.67414129117873,4366.942371491562,5086.945005352983
hidden_confounding,linear,57,2083,2000.0,4146.5665568899985,183.42531321571477,3787.0529429871976,4506.080170792799
hidden_confounding,hgb,57,2083,2000.0,3832.909321385439,244.24912436986116,3354.1810376205112,4311.637605150367
hidden_confounding,naive,58,2084,2000.0,4917.717206978275,187.9069570518408,4549.419571156666,5286.014842799883
hidden_confounding,linear,58,2084,2000.0,4190.019180049211,212.43416229797705,3773.6482219451764,4606.390138153246
hidden_confounding,hgb,58,2084,2000.0,3679.5461178034598,244.28675713903257,3200.744073810956,4158.348161795963
hidden_confounding,naive,59,2085,2000.0,4741.345522203943,181.45490265858172,4385.6939129931225,5096.997131414763
hidden_confounding,linear,59,2085,2000.0,4345.062853656602,179.2730483375949,3993.687678914916,4696.438028398288
hidden_confounding,hgb,59,2085,2000.0,3980.866319282911,260.77086193337504,3469.7554298934956,4491.977208672326
hidden_confounding,naive,60,2086,2000.0,4295.8930251746315,194.2009396624547,3915.25918343622,4676.526866913043
hidden_confounding,linear,60,2086,2000.0,3716.464779437204,199.77369351146015,3324.9083401547423,4108.021218719666
hidden_confounding,hgb,60,2086,2000.0,3569.6733835080213,259.63879955151486,3060.7813363870523,4078.5654306289903
hidden_confounding,naive,61,2087,2000.0,4968.918878238355,189.20380807205444,4598.079414417129,5339.758342059582
hidden_confounding,linear,61,2087,2000.0,4244.978205155669,183.12279728160544,3886.057522483722,4603.898887827615
hidden_confounding,hgb,61,2087,2000.0,4066.444143956499,205.38011360668793,3663.8991212873907,4468.989166625607
hidden_confounding,naive,62,2088,2000.0,4383.819122327006,189.0634664173617,4013.254728148977,4754.383516505035
hidden_confounding,linear,62,2088,2000.0,3962.9975262531793,182.30771110325236,3605.6744124908046,4320.320640015554
hidden_confounding,hgb,62,2088,2000.0,3662.4369694360057,227.5850877634651,3216.370197419614,4108.503741452398
hidden_confounding,naive,63,2089,2000.0,4519.589008496216,188.50546634707956,4150.11829445594,4889.059722536492
hidden_confounding,linear,63,2089,2000.0,3896.267195397033,196.2267949278994,3511.66267733835,4280.8717134557155
hidden_confounding,hgb,63,2089,2000.0,3450.893120164079,246.79762279982037,2967.169779476431,3934.616460851727
hidden_confounding,naive,64,2090,2000.0,4867.237725391966,192.11832841216727,4490.685801704118,5243.789649079814
hidden_confounding,linear,64,2090,2000.0,4350.909440311599,185.87070863234592,3986.6028513922006,4715.216029230996
hidden_confounding,hgb,64,2090,2000.0,3919.3146856448816,238.97568024058484,3450.9223523733353,4387.707018916428
hidden_confounding,naive,65,2091,2000.0,4732.512718555878,188.29362182659,4363.457219775762,5101.568217335994
hidden_confounding,linear,65,2091,2000.0,4295.204660468337,188.20020623670882,3926.332256244388,4664.0770646922865
hidden_confounding,hgb,65,2091,2000.0,4024.5948907385678,211.6136332985664,3609.8321694733777,4439.357612003758
hidden_confounding,naive,66,2092,2000.0,4458.818887852793,180.75693041818678,4104.535304233146,4813.102471472439
hidden_confounding,linear,66,2092,2000.0,4120.3540432623495,181.61463946913054,3764.3893499028536,4476.318736621845
hidden_confounding,hgb,66,2092,2000.0,4040.625129997116,207.18837539065868,3634.535914231425,4446.714345762807
hidden_confounding,naive,67,2093,2000.0,5034.847177989957,185.1523463044826,4671.948579233172,5397.745776746743
hidden_confounding,linear,67,2093,2000.0,4209.425128653869,201.48029672928783,3814.523747064465,4604.326510243273
hidden_confounding,hgb,67,2093,2000.0,3707.543345972019,247.1367413374062,3223.155332950703,4191.931358993335
hidden_confounding,naive,68,2094,2000.0,4810.6388508684195,186.9748243926249,4444.1681950588745,5177.109506677964
hidden_confounding,linear,68,2094,2000.0,4148.826293679361,198.14278021953163,3760.4664444490786,4537.1861429096425
hidden_confounding,hgb,68,2094,2000.0,3868.414216959756,243.99133525580328,3390.1911998583814,4346.637234061131
hidden_confounding,naive,69,2095,2000.0,4899.865220210042,190.37925720565798,4526.721876086953,5273.008564333131
hidden_confounding,linear,69,2095,2000.0,4380.542078233157,192.36304149363107,4003.5105169056396,4757.573639560674
hidden_confounding,hgb,69,2095,2000.0,4040.777653451971,226.23670922996848,3597.353703361233,4484.20160354271
hidden_confounding,naive,70,2096,2000.0,4731.614197247707,180.2673507176008,4378.290189841209,5084.938204654205
hidden_confounding,linear,70,2096,2000.0,4324.928405145915,177.59368724325807,3976.8447781491295,4673.012032142701
hidden_confounding,hgb,70,2096,2000.0,3966.1406680760033,223.81408541092273,3527.4650606705945,4404.816275481412
hidden_confounding,naive,71,2097,2000.0,4610.000833588222,193.59087366076258,4230.562721213128,4989.438945963317
hidden_confounding,linear,71,2097,2000.0,3939.6765153293336,193.68288630062136,3560.058058180116,4319.294972478551
hidden_confounding,hgb,71,2097,2000.0,3690.4179863797053,231.3155089588849,3237.039588820291,4143.79638393912
hidden_confounding,naive,72,2098,2000.0,4811.128585076698,185.50507947011752,4447.538629315268,5174.718540838128
hidden_confounding,linear,72,2098,2000.0,4281.7095634082425,187.12023965658005,3914.9538936813456,4648.465233135139
hidden_confounding,hgb,72,2098,2000.0,4129.09049612084,251.9284772886302,3635.3106806351248,4622.870311606555
hidden_confounding,naive,73,2099,2000.0,5017.735219210923,182.3706030483061,4660.288837236243,5375.181601185603
hidden_confounding,linear,73,2099,2000.0,4495.2518829947885,189.20038629294513,4124.419125860616,4866.084640128961
hidden_confounding,hgb,73,2099,2000.0,4171.283167643221,241.91976455900746,3697.120429107566,4645.445906178875
hidden_confounding,naive,74,2100,2000.0,4543.816347416076,175.81440603441357,4199.220111588625,4888.412583243527
hidden_confounding,linear,74,2100,2000.0,4018.9591505576336,177.2732301037554,3671.503619554273,4366.414681560994
hidden_confounding,hgb,74,2100,2000.0,3761.173135746877,274.5050131085443,3223.1433100541303,4299.202961439624
hidden_confounding,naive,75,2101,2000.0,4561.452626879812,186.37082666679032,4196.165806612903,4926.7394471467205
hidden_confounding,linear,75,2101,2000.0,4078.1455838187508,194.74955797750727,3696.436450182837,4459.854717454665
hidden_confounding,hgb,75,2101,2000.0,3313.3345528120562,289.0112496933997,2746.872503412993,3879.7966022111195
hidden_confounding,naive,76,2102,2000.0,4957.441871125293,178.59233475238563,4607.400895010617,5307.482847239969
hidden_confounding,linear,76,2102,2000.0,4510.334857788398,179.45136262657246,4158.610187040316,4862.05952853648
hidden_confounding,hgb,76,2102,2000.0,4028.1638917238583,219.6072613657252,3597.733659447037,4458.59412400068
hidden_confounding,naive,77,2103,2000.0,4715.135909930192,191.28560437154488,4340.216125361963,5090.05569449842
hidden_confounding,linear,77,2103,2000.0,4241.349512125368,184.53176850573828,3879.667245854121,4603.031778396615
hidden_confounding,hgb,77,2103,2000.0,3633.6042355671816,248.84240426394865,3145.873123209842,4121.335347924521
hidden_confounding,naive,78,2104,2000.0,4785.617386469533,179.84717155422257,4433.1169302232565,5138.117842715809
hidden_confounding,linear,78,2104,2000.0,4166.994295872074,195.4292711227676,3783.9529244714495,4550.035667272698
hidden_confounding,hgb,78,2104,2000.0,3877.8637466266564,209.55367545685792,3467.138542731215,4288.588950522098
hidden_confounding,naive,79,2105,2000.0,4424.476867731119,188.90232495098792,4054.228310827182,4794.725424635055
hidden_confounding,linear,79,2105,2000.0,4150.364869499484,179.79968676944063,3797.95748343138,4502.772255567587
hidden_confounding,hgb,79,2105,2000.0,3862.3668367826276,246.54821790506458,3379.1323296887012,4345.601343876554
hidden_confounding,naive,80,2106,2000.0,4840.240167877502,184.97525700647674,4477.688664144808,5202.791671610196
hidden_confounding,linear,80,2106,2000.0,4156.6027959970725,198.16364685725506,3768.2020481568525,4545.003543837292
hidden_confounding,hgb,80,2106,2000.0,3946.0579442408743,211.99255216574335,3530.552541996017,4361.563346485731
hidden_confounding,naive,81,2107,2000.0,4623.264883133361,183.93223164215897,4262.75770911473,4983.772057151992
hidden_confounding,linear,81,2107,2000.0,4168.913325807109,176.57401556274743,3822.8282553041236,4514.998396310094
hidden_confounding,hgb,81,2107,2000.0,3818.8038798873836,192.85864991530258,3440.8009260533904,4196.806833721376
hidden_confounding,naive,82,2108,2000.0,5048.763350009253,187.86328402550853,4680.551313319256,5416.9753866992505
hidden_confounding,linear,82,2108,2000.0,4214.611197704305,194.53511166363234,3833.3223788435853,4595.900016565024
hidden_confounding,hgb,82,2108,2000.0,4232.818102200622,235.5261562683828,3771.186835914592,4694.449368486652
hidden_confounding,naive,83,2109,2000.0,4868.440872513085,186.13787417011963,4503.610639139651,5233.27110588652
hidden_confounding,linear,83,2109,2000.0,4396.272072411197,190.84224014472986,4022.2212817275263,4770.322863094867
hidden_confounding,hgb,83,2109,2000.0,4107.152362439045,236.54814593847715,3643.5179963996297,4570.78672847846
hidden_confounding,naive,84,2110,2000.0,4710.316252368894,189.22177755878397,4339.441568353678,5081.1909363841105
hidden_confounding,linear,84,2110,2000.0,4220.634995886965,183.78737392971686,3860.41174298472,4580.85824878921
hidden_confounding,hgb,84,2110,2000.0,4078.8244283013073,232.13241181051367,3623.8449011527005,4533.803955449914
hidden_confounding,naive,85,2111,2000.0,4434.08451306431,183.38860751716481,4074.642842330667,4793.526183797953
hidden_confounding,linear,85,2111,2000.0,3919.229569539907,183.18744371321418,3560.182179862007,4278.2769592178065
hidden_confounding,hgb,85,2111,2000.0,3577.5250624953806,234.66058195903014,3117.5903218556814,4037.4598031350797
hidden_confounding,naive,86,2112,2000.0,4843.259539366007,186.56872327340685,4477.584841750129,5208.934236981884
hidden_confounding,linear,86,2112,2000.0,4223.905721866599,188.48593897372749,3854.4732814780937,4593.338162255105
hidden_confounding,hgb,86,2112,2000.0,3875.5715034164,232.14851938577925,3420.5604054202727,4330.582601412527
hidden_confounding,naive,87,2113,2000.0,4808.849986807409,188.66476385042083,4439.0670496605835,5178.632923954234
hidden_confounding,linear,87,2113,2000.0,4266.706651744818,183.71844316914138,3906.618503133301,4626.794800356335
hidden_confounding,hgb,87,2113,2000.0,4136.627233520215,212.4692174296528,3720.1875673580953,4553.066899682334
hidden_confounding,naive,88,2114,2000.0,4732.397222027352,180.2350550878848,4379.136514055098,5085.657929999606
hidden_confounding,linear,88,2114,2000.0,4181.944181278691,185.38077609863768,3818.597860125361,4545.290502432021
hidden_confounding,hgb,88,2114,2000.0,3808.0178771042283,223.1580509802964,3370.6280971828473,4245.407657025609
hidden_confounding,naive,89,2115,2000.0,4581.675403815267,179.76800001812754,4229.330123779737,4934.020683850797
hidden_confounding,linear,89,2115,2000.0,4114.62869294195,180.96292039507583,3759.9413689676016,4469.316016916298
hidden_confounding,hgb,89,2115,2000.0,3550.5798076084975,228.79183359107085,3102.1478137699987,3999.0118014469963
hidden_confounding,naive,90,2116,2000.0,4425.399121456738,187.0427270630451,4058.7953764131694,4792.0028665003065
hidden_confounding,linear,90,2116,2000.0,3846.801599290236,186.56070253077002,3481.142622329927,4212.460576250545
hidden_confounding,hgb,90,2116,2000.0,3428.667371366503,210.20189323785306,3016.6716606203113,3840.663082112695
hidden_confounding,naive,91,2117,2000.0,5049.126195197536,182.08183346483932,4692.24580160645,5406.006588788621
hidden_confounding,linear,91,2117,2000.0,4419.901516814494,182.44544702217675,4062.308440651028,4777.494592977961
hidden_confounding,hgb,91,2117,2000.0,4099.357849654833,230.57693420087998,3647.4270586211087,4551.288640688558
hidden_confounding,naive,92,2118,2000.0,4632.800285504014,184.56736565048084,4271.048248829072,4994.552322178956
hidden_confounding,linear,92,2118,2000.0,4206.084812458843,184.1688073873371,3845.1139499796623,4567.055674938024
hidden_confounding,hgb,92,2118,2000.0,3740.0304280579026,242.32068533790337,3265.081884795612,4214.9789713201935
hidden_confounding,naive,93,2119,2000.0,4648.443549948368,186.9998692404172,4281.9238062371505,5014.963293659585
hidden_confounding,linear,93,2119,2000.0,4106.726297880032,183.33961897329448,3747.3806446923745,4466.071951067689
hidden_confounding,hgb,93,2119,2000.0,3725.4363724857694,223.8986633291698,3286.5949923605967,4164.277752610942
hidden_confounding,naive,94,2120,2000.0,4844.744954167412,187.2306984356638,4477.772785233511,5211.7171231013135
hidden_confounding,linear,94,2120,2000.0,4250.710987363907,192.09454104286635,3874.2056869198896,4627.216287807925
hidden_confounding,hgb,94,2120,2000.0,3753.079582136958,243.03563381268123,3276.7297398641026,4229.429424409813
hidden_confounding,naive,95,2121,2000.0,4665.301828796651,181.21420972044507,4310.1219777445785,5020.481679848723
hidden_confounding,linear,95,2121,2000.0,3989.3619177110586,194.29442044602467,3608.5448536368503,4370.178981785267
hidden_confounding,hgb,95,2121,2000.0,3809.5531257190223,248.2202709240783,3323.0413947078287,4296.064856730216
hidden_confounding,naive,96,2122,2000.0,4823.954991856447,192.42651476803675,4446.799022911095,5201.1109608018
hidden_confounding,linear,96,2122,2000.0,4091.473968851103,191.26114737202363,3716.602120001937,4466.345817700269
hidden_confounding,hgb,96,2122,2000.0,3926.7464229722696,245.21811810009223,3446.118911496089,4407.37393444845
hidden_confounding,naive,97,2123,2000.0,4856.528946273079,187.3329862013564,4489.35629331842,5223.7015992277375
hidden_confounding,linear,97,2123,2000.0,4316.189213085521,187.7472186558801,3948.204664519996,4684.173761651046
hidden_confounding,hgb,97,2123,2000.0,3964.550417711508,218.66950821451147,3535.958181611066,4393.14265381195
hidden_confounding,naive,98,2124,2000.0,4381.234613435627,189.199337867888,4010.403911214566,4752.065315656687
hidden_confounding,linear,98,2124,2000.0,3879.103248260979,189.3884554264453,3507.901875625146,4250.304620896812
hidden_confounding,hgb,98,2124,2000.0,3607.690010314348,228.7301627000546,3159.378891422241,4056.001129206455
hidden_confounding,naive,99,2125,2000.0,4500.024675763601,188.4202407295994,4130.721003933587,4869.328347593616
hidden_confounding,linear,99,2125,2000.0,3981.951624694399,200.0434023534967,3589.8665560815452,4374.036693307253
hidden_confounding,hgb,99,2125,2000.0,3594.681375647365,244.31552083651135,3115.8229548078025,4073.539796486927
